base_hh_intrvwr,base_hh_vst_date,base_hh_com_code,base_hh_house_code,base_hh_extr_wall,base_hh_mat_wall,base_hh_mat_wall_oth,base_hh_mat_roof,base_hh_mat_roof_oth,base_hh_mat_floor,base_hh_mat_floor_oth,base_hh_num_sleep_spce,base_hh_wtr_source,base_hh_wtr_source_oth,base_hh_electrct,base_hh_electrct_hrs,base_hh_spryd_insect,base_hh_reside_time,base_hh_reside_yrs,base_hh_reside_mnth,base_hh_net_noninsect,base_hh_net_insect,base_hh_net_deliver,base_hh_net_hohh,base_hh_net_tx,base_hh_net_tx_time,base_hh_hohh_trvl,base_hh_trvl_quant,base_hh_trvl_ovrnght,base_hh_nights_spent,base_hh_destin,base_hh_trip_reasn___1,base_hh_trip_reasn___2,base_hh_trip_reasn___3,base_hh_trip_reasn___4,base_hh_trip_reasn___5,base_hh_trip_reasn___6,base_hh_trip_reasn___99,base_hh_trip_reasn_oth,base_hh_trip_wrk___0,base_hh_trip_wrk___1,base_hh_trip_wrk___2,base_hh_trip_wrk___3,base_hh_trip_wrk___4,base_hh_trip_wrk___5,base_hh_trip_wrk___6,base_hh_trip_wrk___7,base_hh_trip_wrk___8,base_hh_trip_wrk___9,base_hh_trip_wrk___99,base_hh_trip_wrk_oth,base_hh_trip_trnsprt___1,base_hh_trip_trnsprt___2,base_hh_trip_trnsprt___3,base_hh_trip_trnsprt___4,base_hh_trip_trnsprt___99,base_hh_trip_trnsprt_oth,base_hh_sleep_plce___1,base_hh_sleep_plce___2,base_hh_sleep_plce___3,base_hh_sleep_plce___99,base_hh_plce_oth,base_hh_net_plce1,base_hh_net_plce2,base_hh_net_plce3,base_hh_net_plce4,encuesta_basal_household_complete
8,10/14/24,22,106,2,2,,3,,3,,3,5,,2,,2,2,13,,2,0,,1,,,2,,,,,0,0,0,0,0,0,0,,0,0,0,0,0,0,0,0,0,0,0,,0,0,0,0,0,,0,0,0,0,,,,,,2
8,10/14/24,22,113,2,2,,3,,1,,2,5,,2,,2,1,,,2,0,,1,,,2,,,,,0,0,0,0,0,0,0,,0,0,0,0,0,0,0,0,0,0,0,,0,0,0,0,0,,0,0,0,0,,,,,,2
6,10/14/24,22,109,2,2,,3,,3,,2,5,,2,,2,2,21,,2,0,,1,2,,2,,,,,0,0,0,0,0,0,0,,0,0,0,0,0,0,0,0,0,0,0,,0,0,0,0,0,,0,0,0,0,,,,,,1
6,10/14/24,22,575,2,2,,3,,2,,1,5,,2,,2,2,21,,0,1,2,1,1,2,2,,,,,0,0,0,0,0,0,0,,0,0,0,0,0,0,0,0,0,0,0,,0,0,0,0,0,,0,0,0,0,,,,,,1
9,10/14/24,22,119,2,2,,3,,2,,1,5,,2,,2,1,,,0,3,1,1,1,1,2,,,,,0,0,0,0,0,0,0,,0,0,0,0,0,0,0,0,0,0,0,,0,0,0,0,0,,0,0,0,0,,,,,,1
9,10/14/24,22,117,3,2,,3,,2,,1,5,,2,,2,1,,,4,0,,1,2,,2,,,,,0,0,0,0,0,0,0,,0,0,0,0,0,0,0,0,0,0,0,,0,0,0,0,0,,0,0,0,0,,,,,,1
2,10/14/24,22,101,2,2,,3,,2,,1,5,,3,23,2,1,,,2,0,,1,2,,2,,,,,0,0,0,0,0,0,0,,0,0,0,0,0,0,0,0,0,0,0,,0,0,0,0,0,,0,0,0,0,,,,,,1
2,10/14/24,22,450,2,2,,5,,2,,1,5,,3,23,2,3,,4,2,0,,1,2,,2,,,,,0,0,0,0,0,0,0,,0,0,0,0,0,0,0,0,0,0,0,,0,0,0,0,0,,0,0,0,0,,,,,,1
5,10/14/24,22,108,1,2,,3,,2,,1,5,,2,,2,2,10,,3,0,,1,2,,2,,,,,0,0,0,0,0,0,0,,0,0,0,0,0,0,0,0,0,0,0,,0,0,0,0,0,,0,0,0,0,,,,,,1
5,10/14/24,22,107,1,2,,5,,2,,1,5,,2,,2,1,,,2,0,,1,2,,2,,,,,0,0,0,0,0,0,0,,0,0,0,0,0,0,0,0,0,0,0,,0,0,0,0,0,,0,0,0,0,,,,,,1
5,10/14/24,22,111,3,2,,2,,2,,2,5,,2,,2,1,,,2,2,2,1,2,,1,2,2,,,0,0,0,0,0,0,0,,0,0,0,0,0,0,0,0,0,0,0,,0,0,0,0,0,,0,0,0,0,,,,,,2
7,10/14/24,22,112,3,2,,3,,2,,1,5,,2,,2,1,,,0,2,3,1,1,3,2,,,,,0,0,0,0,0,0,0,,0,0,0,0,0,0,0,0,0,0,0,,0,0,0,0,0,,0,0,0,0,,,,,,2
7,10/14/24,22,102,2,2,,5,,2,,1,5,,2,,2,2,6,,2,0,,1,,,2,,,,,0,0,0,0,0,0,0,,0,0,0,0,0,0,0,0,0,0,0,,0,0,0,0,0,,0,0,0,0,,,,,,2
4,10/14/24,22,103,2,2,,3,,2,,2,5,,2,,2,1,,,2,0,,1,2,,2,,,,,0,0,0,0,0,0,0,,0,0,0,0,0,0,0,0,0,0,0,,0,0,0,0,0,,0,0,0,0,,,,,,1
4,10/14/24,22,105,3,2,,3,,2,,2,5,,2,,2,1,,,0,2,2,1,1,2,2,,,,,0,0,0,0,0,0,0,,0,0,0,0,0,0,0,0,0,0,0,,0,0,0,0,0,,0,0,0,0,,,,,,2
10,10/14/24,22,120,2,2,,5,,2,,1,5,,1,,2,3,,4,0,0,,2,,,1,1,1,4,Iquitos,0,1,0,0,0,0,0,,0,0,0,0,0,0,0,0,0,0,0,,1,0,0,0,0,,1,0,0,0,,1,,,,1
10,10/14/24,22,121,2,2,,3,,2,,2,5,,3,23,2,3,,8,0,1,1,1,1,1,2,,,,,0,0,0,0,0,0,0,,0,0,0,0,0,0,0,0,0,0,0,,0,0,0,0,0,,0,0,0,0,,,,,,1
10,10/14/24,22,850,2,2,,3,,2,,3,5,,1,,2,2,15,,0,0,,1,2,,1,5,2,,,0,0,0,0,0,0,0,,0,0,0,0,0,0,0,0,0,0,0,,0,0,0,0,0,,0,0,0,0,,,,,,1
10,10/14/24,22,851,2,2,,3,,2,,1,5,,2,,2,3,,4,1,0,,1,,,2,,,,,0,0,0,0,0,0,0,,0,0,0,0,0,0,0,0,0,0,0,,0,0,0,0,0,,0,0,0,0,,,,,,2
5,10/16/24,13,169,3,2,,3,,2,,1,3,,2,,2,2,2,,1,0,,1,,,2,,,,,0,0,0,0,0,0,0,,0,0,0,0,0,0,0,0,0,0,0,,0,0,0,0,0,,0,0,0,0,,,,,,1
5,10/16/24,13,150,3,2,,3,,3,,1,3,,2,,2,1,,,2,2,2,1,1,2,1,8,2,,,0,0,0,0,0,0,0,,0,0,0,0,0,0,0,0,0,0,0,,0,0,0,0,0,,0,0,0,0,,,,,,1
5,10/16/24,13,128,3,1,,3,,3,,2,3,,2,,2,2,2,,2,0,,1,,,1,4,2,,,0,0,0,0,0,0,0,,0,0,0,0,0,0,0,0,0,0,0,,0,0,0,0,0,,0,0,0,0,,,,,,1
10,10/16/24,13,160,3,2,,3,,1,,2,2,,1,,1,2,5,,0,2,98,1,1,98,1,1,1,20,Rio Nanay,1,0,0,0,0,0,0,,0,0,0,0,0,0,0,1,0,0,0,,1,0,0,0,0,,1,0,0,0,,1,,,,1
10,10/16/24,13,144,3,1,,3,,3,,2,2,,2,,2,3,,7,2,0,,1,,,2,,,,,0,0,0,0,0,0,0,,0,0,0,0,0,0,0,0,0,0,0,,0,0,0,0,0,,0,0,0,0,,,,,,1
10,10/16/24,13,129,3,1,,3,,3,,2,2,,2,,2,1,,,2,0,,1,,,2,,,,,0,0,0,0,0,0,0,,0,0,0,0,0,0,0,0,0,0,0,,0,0,0,0,0,,0,0,0,0,,,,,,1
6,10/16/24,13,450,3,99,Madera,3,,3,,3,2,,2,,1,2,12,,0,2,3,1,1,3,2,,,,,0,0,0,0,0,0,0,,0,0,0,0,0,0,0,0,0,0,0,,0,0,0,0,0,,0,0,0,0,,,,,,1
,,,,,,,,,,,,,,,,,,,,,,,,,,,,,,,0,0,0,0,0,0,0,,0,0,0,0,0,0,0,0,0,0,0,,0,0,0,0,0,,0,0,0,0,,,,,,0
,,,,,,,,,,,,,,,,,,,,,,,,,,,,,,,0,0,0,0,0,0,0,,0,0,0,0,0,0,0,0,0,0,0,,0,0,0,0,0,,0,0,0,0,,,,,,0
6,10/16/24,13,131,3,1,,3,,3,,2,1,,2,,1,2,1,,0,3,2,1,1,2,2,,,,,0,0,0,0,0,0,0,,0,0,0,0,0,0,0,0,0,0,0,,0,0,0,0,0,,0,0,0,0,,,,,,1
,,,,,,,,,,,,,,,,,,,,,,,,,,,,,,,0,0,0,0,0,0,0,,0,0,0,0,0,0,0,0,0,0,0,,0,0,0,0,0,,0,0,0,0,,,,,,0
8,10/16/24,13,167,2,2,,3,,1,,5,2,,2,,2,98,,,0,1,2,1,2,,2,,,,,0,0,0,0,0,0,0,,0,0,0,0,0,0,0,0,0,0,0,,0,0,0,0,0,,0,0,0,0,,,,,,1
8,10/16/24,13,120,3,2,,3,,1,,2,2,,2,,2,1,,,3,0,,1,,,2,,,,,0,0,0,0,0,0,0,,0,0,0,0,0,0,0,0,0,0,0,,0,0,0,0,0,,0,0,0,0,,,,,,1
8,10/16/24,13,104,3,1,,3,,3,,3,2,,2,,2,1,,,0,4,2,2,,,2,,,,,0,0,0,0,0,0,0,,0,0,0,0,0,0,0,0,0,0,0,,0,0,0,0,0,,0,0,0,0,,,,,,1
8,10/16/24,13,155,2,2,,3,,1,,2,2,,2,,2,1,,,13,3,98,1,2,,2,,,,,0,0,0,0,0,0,0,,0,0,0,0,0,0,0,0,0,0,0,,0,0,0,0,0,,0,0,0,0,,,,,,1
,,,,,,,,,,,,,,,,,,,,,,,,,,,,,,,,,,,,,,,,,,,,,,,,,,,,,,,,,,,,,,,,,,
9,10/16/24,13,166,3,2,,3,,1,,1,1,,2,,2,2,21,,0,1,2,1,1,3,1,1,1,31,Arequipa,0,0,1,0,0,0,0,,0,0,0,0,0,0,0,0,0,0,0,,0,0,0,0,1,Avion,1,0,0,0,,2,,,,1
9,10/16/24,13,162,3,2,,3,,1,,3,2,,2,,1,1,,,0,3,1,1,1,3,1,1,1,2,Llanchama,1,0,0,0,0,0,0,,0,1,0,0,0,0,0,0,0,0,0,,0,0,1,0,0,,0,0,0,1,Monte,,,,2,1
9,10/16/24,13,130,3,1,,1,,3,,1,3,,2,,2,1,,,1,2,2,1,1,2,2,,,,,0,0,0,0,0,0,0,,0,0,0,0,0,0,0,0,0,0,0,,0,0,0,0,0,,0,0,0,0,,,,,,1
,,,,,,,,,,,,,,,,,,,,,,,,,,,,,,,0,0,0,0,0,0,0,,0,0,0,0,0,0,0,0,0,0,0,,0,0,0,0,0,,0,0,0,0,,,,,,0
9,10/16/24,13,139,3,1,,3,,1,,1,3,,2,,2,1,,,0,2,2,1,1,2,1,1,1,6,Nauta,1,0,0,0,0,0,0,,0,1,0,0,0,0,0,0,0,0,0,,0,1,0,0,0,,0,0,1,0,,,,1,,1
7,10/16/24,13,152,3,2,,3,,3,,3,2,,2,,2,1,,,2,3,3,1,1,3,2,,,,,0,0,0,0,0,0,0,,0,0,0,0,0,0,0,0,0,0,0,,0,0,0,0,0,,0,0,0,0,,,,,,1
,,,,,,,,,,,,,,,,,,,,,,,,,,,,,,,0,0,0,0,0,0,0,,0,0,0,0,0,0,0,0,0,0,0,,0,0,0,0,0,,0,0,0,0,,,,,,0
7,10/16/24,13,132,3,1,,3,,3,,2,2,,2,,2,1,,,0,3,3,1,1,3,2,,,,,0,0,0,0,0,0,0,,0,0,0,0,0,0,0,0,0,0,0,,0,0,0,0,0,,0,0,0,0,,,,,,1
7,10/16/24,13,141,3,1,,3,,4,,2,2,,2,,1,2,4,,2,0,,1,,,2,,,,,0,0,0,0,0,0,0,,0,0,0,0,0,0,0,0,0,0,0,,0,0,0,0,0,,0,0,0,0,,,,,,1
4,10/16/24,13,149,3,2,,3,,3,,4,2,,2,,2,2,1,,5,0,,1,,,2,,,,,0,0,0,0,0,0,0,,0,0,0,0,0,0,0,0,0,0,0,,0,0,0,0,0,,0,0,0,0,,,,,,1
4,10/16/24,13,127,3,,,3,,3,,3,2,,2,,2,1,,,0,4,3,2,,,2,,,,,0,0,0,0,0,0,0,,0,0,0,0,0,0,0,0,0,0,0,,0,0,0,0,0,,0,0,0,0,,,,,,1
2,10/16/24,13,168,3,2,,3,,3,,2,3,,3,23,2,2,9,,3,0,,1,,,2,,,,,0,0,0,0,0,0,0,,0,0,0,0,0,0,0,0,0,0,0,,0,0,0,0,0,,0,0,0,0,,,,,,1
2,10/16/24,13,148,3,2,,3,,3,,2,99,Pozo artesiano,2,,2,2,4,,0,03,2,1,1,2,2,,,,,0,0,0,0,0,0,0,,0,0,0,0,0,0,0,0,0,0,0,,0,0,0,0,0,,0,0,0,0,,,,,,1
2,10/17/24,13,153,3,2,,3,,3,,2,99,Pozo artesiano,2,,2,1,,,0,03,3,1,1,3,2,,,,,0,0,0,0,0,0,0,,0,0,0,0,0,0,0,0,0,0,0,,0,0,0,0,0,,0,0,0,0,,,,,,1
2,10/17/24,13,151,3,2,,3,,1,,2,99,Pozo artesiano,2,,1,1,,,0,2,1,1,1,3,2,,,,,0,0,0,0,0,0,0,,0,0,0,0,0,0,0,0,0,0,0,,0,0,0,0,0,,0,0,0,0,,,,,,1
2,10/17/24,13,105,3,2,,3,,3,,3,99,Pozo artesiano,2,,2,1,,,0,4,2,1,1,3,1,2,1,2,Nauta,1,0,0,0,0,0,0,,0,0,0,0,0,0,0,0,0,0,1,Técnico en identificación de árboles,0,1,0,0,0,,0,0,1,0,,,,1,,1
6,10/17/24,13,111,3,99,Estera,3,,1,,1,3,,3,12,2,2,21,,1,0,,1,,,2,,,,,0,0,0,0,0,0,0,,0,0,0,0,0,0,0,0,0,0,0,,0,0,0,0,0,,0,0,0,0,,,,,,1
6,10/17/24,13,124,2,99,Estera,3,,1,,1,3,,2,,2,2,20,,1,2,2,1,2,,2,,,,,0,0,0,0,0,0,0,,0,0,0,0,0,0,0,0,0,0,0,,0,0,0,0,0,,0,0,0,0,,,,,,1
6,10/17/24,13,114,3,99,Estera,3,,1,,1,2,,1,,2,2,2,,0,1,3,1,1,2,2,,,,,0,0,0,0,0,0,0,,0,0,0,0,0,0,0,0,0,0,0,,0,0,0,0,0,,0,0,0,0,,,,,,1
6,10/17/24,13,118,3,99,Madera,3,,1,,1,2,,1,,2,2,21,,0,1,3,1,1,3,1,1,1,20,"Alvarenga, Alto Nanay",1,0,0,0,0,0,0,,0,0,0,0,1,0,0,0,0,0,0,,1,0,0,0,0,,1,0,0,0,,2,,,,1
9,10/17/24,13,134,3,2,,3,,1,,2,3,,2,,2,1,,,0,3,2,1,1,3,2,,,,,0,0,0,0,0,0,0,,0,0,0,0,0,0,0,0,0,0,0,,0,0,0,0,0,,0,0,0,0,,,,,,1
9,10/17/24,13,146,3,2,,3,,3,,2,3,,2,,2,1,,,0,2,2,1,1,2,2,,,,,0,0,0,0,0,0,0,,0,0,0,0,0,0,0,0,0,0,0,,0,0,0,0,0,,0,0,0,0,,,,,,1
9,10/17/24,13,110,3,2,,3,,1,,3,3,,2,,2,1,,,0,3,2,1,1,3,2,,,,,0,0,0,0,0,0,0,,0,0,0,0,0,0,0,0,0,0,0,,0,0,0,0,0,,0,0,0,0,,,,,,1
10,10/17/24,13,115,2,2,,3,,1,,3,2,,1,,1,2,3,,0,3,3,1,2,,2,,,,,0,0,0,0,0,0,0,,0,0,0,0,0,0,0,0,0,0,0,,0,0,0,0,0,,0,0,0,0,,,,,,1
10,10/17/24,13,123,3,1,,3,,3,,1,2,,2,,1,1,,,1,0,,1,,,2,,,,,0,0,0,0,0,0,0,,0,0,0,0,0,0,0,0,0,0,0,,0,0,0,0,0,,0,0,0,0,,,,,,1
5,10/17/24,13,126,3,2,,3,,1,,1,3,,1,,2,1,,,2,2,2,1,2,,2,,,,,0,0,0,0,0,0,0,,0,0,0,0,0,0,0,0,0,0,0,,0,0,0,0,0,,0,0,0,0,,,,,,1
5,10/17/24,13,145,3,2,,3,,1,,2,2,,2,,2,2,21,,3,0,,1,,,2,,,,,0,0,0,0,0,0,0,,0,0,0,0,0,0,0,0,0,0,0,,0,0,0,0,0,,0,0,0,0,,,,,,1
5,10/17/24,13,106,3,1,,3,,3,,2,2,,2,,2,1,,,0,2,2,1,1,2,1,1,2,,,0,0,0,0,0,0,0,,0,0,0,0,0,0,0,0,0,0,0,,0,0,0,0,0,,0,0,0,0,,,,,,1
4,10/17/24,13,116,3,2,,3,,1,,1,3,,2,,2,1,,,1,2,2,1,2,,2,,,,,0,0,0,0,0,0,0,,0,0,0,0,0,0,0,0,0,0,0,,0,0,0,0,0,,0,0,0,0,,,,,,1
4,10/17/24,13,451,1,2,,5,,1,,1,2,,2,,2,2,5,,1,1,3,1,2,,2,,,,,0,0,0,0,0,0,0,,0,0,0,0,0,0,0,0,0,0,0,,0,0,0,0,0,,0,0,0,0,,,,,,1
8,10/17/24,13,122,2,2,,3,,3,,2,2,,2,,2,1,,,0,3,98,1,1,98,2,,,,,0,0,0,0,0,0,0,,0,0,0,0,0,0,0,0,0,0,0,,0,0,0,0,0,,0,0,0,0,,,,,,1
8,10/17/24,13,121,2,2,,3,,1,,4,2,,2,,2,2,19,,0,5,98,1,1,3,2,,,,,0,0,0,0,0,0,0,,0,0,0,0,0,0,0,0,0,0,0,,0,0,0,0,0,,0,0,0,0,,,,,,1
8,10/17/24,13,119,2,2,,3,,3,,1,2,,1,,2,2,3,,0,2,2,1,1,2,2,,,,,0,0,0,0,0,0,0,,0,0,0,0,0,0,0,0,0,0,0,,0,0,0,0,0,,0,0,0,0,,,,,,1
7,10/17/24,13,112,3,2,,3,,1,,2,2,,2,,2,2,1,,2,3,2,1,1,2,2,,,,,0,0,0,0,0,0,0,,0,0,0,0,0,0,0,0,0,0,0,,0,0,0,0,0,,0,0,0,0,,,,,,1
7,10/17/24,13,113,3,99,Triplay,3,,1,,1,2,,1,,2,1,,,2,0,,1,,,2,,,,,0,0,0,0,0,0,0,,0,0,0,0,0,0,0,0,0,0,0,,0,0,0,0,0,,0,0,0,0,,,,,,1
10,10/18/24,13,400,3,2,,3,,3,,2,2,,2,,2,2,3,,1,1,3,1,2,,2,,,,,0,0,0,0,0,0,0,,0,0,0,0,0,0,0,0,0,0,0,,0,0,0,0,0,,0,0,0,0,,,,,,1
9,10/18/24,13,108,3,1,,3,,3,,3,3,,2,,2,2,21,,4,1,3,1,2,,1,1,1,30,Leticia,0,0,1,0,0,0,0,,0,0,0,0,0,0,0,0,0,0,0,,1,0,0,0,0,,1,0,0,0,,1,,,,1
6,10/18/24,13,107,3,99,Triplay,3,,2,,3,2,,2,,2,2,13,,2,2,3,1,2,,2,,,,,0,0,0,0,0,0,0,,0,0,0,0,0,0,0,0,0,0,0,,0,0,0,0,0,,0,0,0,0,,,,,,1
4,10/18/24,13,103,3,2,,2,,3,,1,2,,2,,2,3,,10,0,0,,,,,2,,,,,0,0,0,0,0,0,0,,0,0,0,0,0,0,0,0,0,0,0,,0,0,0,0,0,,0,0,0,0,,,,,,1
4,10/18/24,13,125,3,2,,3,,3,,4,2,,2,,2,2,2,,0,4,3,2,,,2,,,,,0,0,0,0,0,0,0,,0,0,0,0,0,0,0,0,0,0,0,,0,0,0,0,0,,0,0,0,0,,,,,,1
2,10/18/24,13,101,3,2,,3,,3,,2,3,,2,,2,2,2,,4,0,,1,,,2,,,,,0,0,0,0,0,0,0,,0,0,0,0,0,0,0,0,0,0,0,,0,0,0,0,0,,0,0,0,0,,,,,,1
8,10/19/24,02,286,3,2,,3,,3,,4,2,,2,,2,1,,,1,0,,1,,,2,,,,,0,0,0,0,0,0,0,,0,0,0,0,0,0,0,0,0,0,0,,0,0,0,0,0,,0,0,0,0,,,,,,1
2,10/19/24,02,288,3,99,Tripley y calamina,3,,1,,1,1,,2,,1,1,,,0,2,2,1,1,3,2,,,,,0,0,0,0,0,0,0,,0,0,0,0,0,0,0,0,0,0,0,,0,0,0,0,0,,0,0,0,0,,,,,,1
6,10/19/24,02,478,3,99,Madera,3,,3,,3,1,,2,,2,2,21,,0,4,2,1,1,2,2,,,,,0,0,0,0,0,0,0,,0,0,0,0,0,0,0,0,0,0,0,,0,0,0,0,0,,0,0,0,0,,,,,,1
6,10/19/24,02,277,3,2,,3,,2,,2,2,,2,,1,1,,,0,3,3,1,1,3,2,,,,,0,0,0,0,0,0,0,,0,0,0,0,0,0,0,0,0,0,0,,0,0,0,0,0,,0,0,0,0,,,,,,1
10,10/19/24,02,477,3,1,,3,,3,,2,3,,2,,2,2,13,,0,4,3,1,1,3,2,,,,,0,0,0,0,0,0,0,,0,0,0,0,0,0,0,0,0,0,0,,0,0,0,0,0,,0,0,0,0,,,,,,1
10,10/19/24,02,294,2,2,,3,,1,,2,2,,2,,1,1,,,0,2,98,1,2,,2,,,,,0,0,0,0,0,0,0,,0,0,0,0,0,0,0,0,0,0,0,,0,0,0,0,0,,0,0,0,0,,,,,,1
7,10/19/24,02,287,3,1,,3,,3,,2,2,,2,,2,1,,,0,5,3,1,1,3,2,,,,,0,0,0,0,0,0,0,,0,0,0,0,0,0,0,0,0,0,0,,0,0,0,0,0,,0,0,0,0,,,,,,1
9,10/19/24,02,476,3,1,,3,,3,,3,3,,2,,1,1,,,0,2,2,1,1,3,2,,,,,0,0,0,0,0,0,0,,0,0,0,0,0,0,0,0,0,0,0,,0,0,0,0,0,,0,0,0,0,,,,,,1
4,10/19/24,02,289,3,1,,3,,3,,7,2,,2,,2,1,,,0,6,3,2,,,2,,,,,0,0,0,0,0,0,0,,0,0,0,0,0,0,0,0,0,0,0,,0,0,0,0,0,,0,0,0,0,,,,,,1
5,10/19/24,02,278,3,1,,3,,3,,3,2,,2,,1,1,,,0,3,2,1,1,2,1,18,2,,,0,0,0,0,0,0,0,,0,0,0,0,0,0,0,0,0,0,0,,0,0,0,0,0,,0,0,0,0,,,,,,1
5,10/19/24,02,291,3,1,,3,,3,,5,2,,2,,2,1,,,0,5,2,1,1,2,1,10,2,,,0,0,0,0,0,0,0,,0,0,0,0,0,0,0,0,0,0,0,,0,0,0,0,0,,0,0,0,0,,,,,,1
2,10/21/24,02,316,3,1,,3,,3,,3,99,Pozo artesiano,2,,1,1,,,0,3,3,1,1,3,2,,,,,0,0,0,0,0,0,0,,0,0,0,0,0,0,0,0,0,0,0,,0,0,0,0,0,,0,0,0,0,,,,,,1
2,10/21/24,02,310,3,1,,3,,3,,4,99,Pozo artesiano,2,,98,1,,,2,2,3,1,1,3,2,,,,,0,0,0,0,0,0,0,,0,0,0,0,0,0,0,0,0,0,0,,0,0,0,0,0,,0,0,0,0,,,,,,1
2,10/21/24,02,308,3,1,,3,,3,,3,99,Pozo artesiano,2,,1,2,4,,1,3,2,1,2,,2,,,,,0,0,0,0,0,0,0,,0,0,0,0,0,0,0,0,0,0,0,,0,0,0,0,0,,0,0,0,0,,,,,,1
6,10/21/24,02,309,3,1,,3,,99,Cemento,2,2,,2,,2,2,21,,2,0,,1,,,2,,,,,0,0,0,0,0,0,0,,0,0,0,0,0,0,0,0,0,0,0,,0,0,0,0,0,,0,0,0,0,,,,,,1
6,10/21/24,02,295,2,99,Triplay,3,,3,,3,2,,2,,98,1,,,0,4,3,1,1,3,2,,,,,0,0,0,0,0,0,0,,0,0,0,0,0,0,0,0,0,0,0,,0,0,0,0,0,,0,0,0,0,,,,,,1
6,10/21/24,02,314,2,1,,3,,99,Cemento,2,2,,2,,98,3,,6,2,0,,1,,,2,,,,,0,0,0,0,0,0,0,,0,0,0,0,0,0,0,0,0,0,0,,0,0,0,0,0,,0,0,0,0,,,,,,1
6,10/21/24,02,313,3,2,,3,,2,,3,2,,2,,2,1,,,3,2,3,2,,,2,,,,,0,0,0,0,0,0,0,,0,0,0,0,0,0,0,0,0,0,0,,0,0,0,0,0,,0,0,0,0,,,,,,1
7,10/21/24,02,481,3,1,,3,,3,,3,2,,2,,1,2,2,,3,0,,1,,,2,,,,,0,0,0,0,0,0,0,,0,0,0,0,0,0,0,0,0,0,0,,0,0,0,0,0,,0,0,0,0,,,,,,1
7,10/21/24,02,300,3,1,,3,,3,,3,2,,2,,1,1,,,0,3,2,2,,,2,,,,,0,0,0,0,0,0,0,,0,0,0,0,0,0,0,0,0,0,0,,0,0,0,0,0,,0,0,0,0,,,,,,1
9,10/21/24,02,305,3,1,,3,,3,,3,3,,2,,2,1,,,3,1,3,2,,,2,,,,,0,0,0,0,0,0,0,,0,0,0,0,0,0,0,0,0,0,0,,0,0,0,0,0,,0,0,0,0,,,,,,1
9,10/21/24,02,480,3,1,,3,,3,,4,3,,2,,1,2,21,,0,4,3,1,1,3,2,,,,,0,0,0,0,0,0,0,,0,0,0,0,0,0,0,0,0,0,0,,0,0,0,0,0,,0,0,0,0,,,,,,1
9,10/21/24,02,293,3,1,,3,,3,,2,3,,2,,1,1,,,0,6,3,1,1,3,2,,,,,0,0,0,0,0,0,0,,0,0,0,0,0,0,0,0,0,0,0,,0,0,0,0,0,,0,0,0,0,,,,,,1
8,10/21/24,02,307,3,1,,3,,3,,6,2,,2,,2,2,4,,0,6,3,1,1,3,2,,,,,0,0,0,0,0,0,0,,0,0,0,0,0,0,0,0,0,0,0,,0,0,0,0,0,,0,0,0,0,,,,,,1
8,10/21/24,02,292,3,1,,3,,3,,3,2,,2,,2,1,,,0,4,2,1,1,2,2,,,,,0,0,0,0,0,0,0,,0,0,0,0,0,0,0,0,0,0,0,,0,0,0,0,0,,0,0,0,0,,,,,,1
8,10/21/24,02,484,3,1,,3,,3,,2,2,,2,,2,1,,,0,2,98,1,1,98,2,,,,,0,0,0,0,0,0,0,,0,0,0,0,0,0,0,0,0,0,0,,0,0,0,0,0,,0,0,0,0,,,,,,1
5,10/21/24,02,301,3,1,,3,,3,,4,2,,2,,2,2,20,,2,3,2,1,1,2,1,4,2,,,0,0,0,0,0,0,0,,0,0,0,0,0,0,0,0,0,0,0,,0,0,0,0,0,,0,0,0,0,,,,,,1
5,10/21/24,02,296,3,1,,3,,3,,4,2,,2,,2,2,21,,5,0,,1,,,1,20,2,,,0,0,0,0,0,0,0,,0,0,0,0,0,0,0,0,0,0,0,,0,0,0,0,0,,0,0,0,0,,,,,,1
4,10/21/24,02,299,3,1,,3,,3,,3,99,Tanque elevado,2,,2,1,,,5,5,3,1,1,3,2,,,,,0,0,0,0,0,0,0,,0,0,0,0,0,0,0,0,0,0,0,,0,0,0,0,0,,0,0,0,0,,,,,,1
10,10/21/24,02,304,3,1,,3,,4,,4,2,,2,,2,1,,,0,4,3,1,2,,2,,,,,0,0,0,0,0,0,0,,0,0,0,0,0,0,0,0,0,0,0,,0,0,0,0,0,,0,0,0,0,,,,,,1
10,10/21/24,02,315,2,2,,3,,3,,3,2,,2,,2,1,,,0,3,2,1,1,2,1,1,1,4,"Centro fuerte, Momon",1,0,0,0,0,0,0,,0,0,1,0,0,0,0,0,0,0,0,,1,0,0,0,0,,1,0,0,0,,2,,,,1
6,10/22/24,02,271,3,1,,3,,99,Cemento,3,2,,2,,2,1,,,0,3,3,1,1,3,2,,,,,0,0,0,0,0,0,0,,0,0,0,0,0,0,0,0,0,0,0,,0,0,0,0,0,,0,0,0,0,,,,,,1
6,10/22/24,02,257,2,1,,3,,99,Cemento,2,2,,2,,2,2,13,,0,0,,,,,2,,,,,0,0,0,0,0,0,0,,0,0,0,0,0,0,0,0,0,0,0,,0,0,0,0,0,,0,0,0,0,,,,,,1
,,,,,,,,,,,,,,,,,,,,,,,,,,,,,,,0,0,0,0,0,0,0,,0,0,0,0,0,0,0,0,0,0,0,,0,0,0,0,0,,0,0,0,0,,,,,,0
6,10/22/24,02,185,2,1,,3,,3,,3,2,,2,,98,1,,,2,0,,2,,,2,,,,,0,0,0,0,0,0,0,,0,0,0,0,0,0,0,0,0,0,0,,0,0,0,0,0,,0,0,0,0,,,,,,1
6,10/22/24,02,189,3,1,,3,,3,,2,2,,2,,2,1,,,1,1,3,1,1,3,2,,,,,0,0,0,0,0,0,0,,0,0,0,0,0,0,0,0,0,0,0,,0,0,0,0,0,,0,0,0,0,,,,,,1
,,,,,,,,,,,,,,,,,,,,,,,,,,,,,,,,,,,,,,,,,,,,,,,,,,,,,,,,,,,,,,,,,,
,,,,,,,,,,,,,,,,,,,,,,,,,,,,,,,,,,,,,,,,,,,,,,,,,,,,,,,,,,,,,,,,,,
,,,,,,,,,,,,,,,,,,,,,,,,,,,,,,,,,,,,,,,,,,,,,,,,,,,,,,,,,,,,,,,,,,
9,10/22/24,02,269,3,1,,3,,3,,6,3,,2,,2,1,,,0,2,2,1,1,3,2,,,,,0,0,0,0,0,0,0,,0,0,0,0,0,0,0,0,0,0,0,,0,0,0,0,0,,0,0,0,0,,,,,,1
9,10/22/24,02,259,3,1,,3,,3,,4,3,,2,,2,2,21,,0,2,3,1,1,3,2,,,,,0,0,0,0,0,0,0,,0,0,0,0,0,0,0,0,0,0,0,,0,0,0,0,0,,0,0,0,0,,,,,,1
9,10/22/24,02,400,3,1,,3,,3,,2,3,,2,,2,2,10,,2,0,,1,,,2,,,,,0,0,0,0,0,0,0,,0,0,0,0,0,0,0,0,0,0,0,,0,0,0,0,0,,0,0,0,0,,,,,,1
9,10/22/24,02,498,3,2,,3,,1,,2,3,,2,,2,3,,6,1,0,,1,,,2,,,,,0,0,0,0,0,0,0,,0,0,0,0,0,0,0,0,0,0,0,,0,0,0,0,0,,0,0,0,0,,,,,,1
7,10/22/24,02,256,3,1,,3,,4,,2,2,,2,,2,1,,,0,0,,,,,2,,,,,0,0,0,0,0,0,0,,0,0,0,0,0,0,0,0,0,0,0,,0,0,0,0,0,,0,0,0,0,,,,,,1
7,10/22/24,02,248,3,2,,3,,3,,1,99,Pilon,2,,2,2,1,,1,0,,1,,,2,,,,,0,0,0,0,0,0,0,,0,0,0,0,0,0,0,0,0,0,0,,0,0,0,0,0,,0,0,0,0,,,,,,1
7,10/22/24,02,204,3,1,,3,,3,,2,2,,2,,2,2,3,,4,0,,1,,,2,,,,,0,0,0,0,0,0,0,,0,0,0,0,0,0,0,0,0,0,0,,0,0,0,0,0,,0,0,0,0,,,,,,1
,,,,,,,,,,,,,,,,,,,,,,,,,,,,,,,0,0,0,0,0,0,0,,0,0,0,0,0,0,0,0,0,0,0,,0,0,0,0,0,,0,0,0,0,,,,,,0
7,10/22/24,02,510,3,2,,3,,1,,2,2,,1,,2,2,14,,2,1,3,1,2,,2,,,,,0,0,0,0,0,0,0,,0,0,0,0,0,0,0,0,0,0,0,,0,0,0,0,0,,0,0,0,0,,,,,,1
7,10/22/24,02,197,3,2,,3,,1,,1,99,Pilon,2,,1,2,14,,3,0,,1,,,1,1,1,1,San martin segunda zona,0,0,0,1,0,0,0,,0,0,0,0,0,0,0,0,0,0,0,,0,1,0,0,0,,0,0,1,0,,,,1,,1
,,,,,,,,,,,,,,,,,,,,,,,,,,,,,,,0,0,0,0,0,0,0,,0,0,0,0,0,0,0,0,0,0,0,,0,0,0,0,0,,0,0,0,0,,,,,,0
,,,,,,,,,,,,,,,,,,,,,,,,,,,,,,,0,0,0,0,0,0,0,,0,0,0,0,0,0,0,0,0,0,0,,0,0,0,0,0,,0,0,0,0,,,,,,0
10,10/22/24,02,202,2,2,,3,,1,,2,2,,1,,2,3,,5,0,2,98,1,98,,2,,,,,0,0,0,0,0,0,0,,0,0,0,0,0,0,0,0,0,0,0,,0,0,0,0,0,,0,0,0,0,,,,,,1
10,10/22/24,02,496,3,1,,3,,3,,3,2,,2,,98,1,,,0,3,98,1,98,,2,,,,,0,0,0,0,0,0,0,,0,0,0,0,0,0,0,0,0,0,0,,0,0,0,0,0,,0,0,0,0,,,,,,1
10,10/22/24,02,497,2,2,,3,,1,,3,2,,2,,1,1,,,0,3,98,1,98,,2,,,,,0,0,0,0,0,0,0,,0,0,0,0,0,0,0,0,0,0,0,,0,0,0,0,0,,0,0,0,0,,,,,,1
8,10/22/24,02,258,3,2,,3,,1,,1,2,,2,,2,1,,,1,0,,1,,,2,,,,,0,0,0,0,0,0,0,,0,0,0,0,0,0,0,0,0,0,0,,0,0,0,0,0,,0,0,0,0,,,,,,1
8,10/22/24,02,215,3,1,,3,,3,,3,2,,2,,2,2,21,,3,0,,1,,,2,,,,,0,0,0,0,0,0,0,,0,0,0,0,0,0,0,0,0,0,0,,0,0,0,0,0,,0,0,0,0,,,,,,1
8,10/22/24,02,267,3,1,,3,,3,,4,2,,2,,2,1,,,0,2,98,1,1,98,2,,,,,0,0,0,0,0,0,0,,0,0,0,0,0,0,0,0,0,0,0,,0,0,0,0,0,,0,0,0,0,,,,,,1
8,10/22/24,02,182,3,2,,3,,3,,3,2,,2,,2,2,14,,0,3,2,1,1,2,2,,,,,0,0,0,0,0,0,0,,0,0,0,0,0,0,0,0,0,0,0,,0,0,0,0,0,,0,0,0,0,,,,,,1
8,10/22/24,02,192,3,1,,3,,3,,3,2,,2,,2,2,18,,3,0,,1,,,2,,,,,0,0,0,0,0,0,0,,0,0,0,0,0,0,0,0,0,0,0,,0,0,0,0,0,,0,0,0,0,,,,,,1
2,10/22/24,02,272,3,1,,3,,3,,3,99,Pozo artesiano,2,,2,1,,,0,3,3,1,1,3,2,,,,,0,0,0,0,0,0,0,,0,0,0,0,0,0,0,0,0,0,0,,0,0,0,0,0,,0,0,0,0,,,,,,1
2,10/22/24,02,704,3,1,,3,,3,,2,99,Pozo artesiano,2,,2,2,3,,0,2,2,1,1,2,2,,,,,0,0,0,0,0,0,0,,0,0,0,0,0,0,0,0,0,0,0,,0,0,0,0,0,,0,0,0,0,,,,,,1
2,10/22/24,02,186,3,99,Tripley,3,,99,Cemento y tierra,4,99,Pozo artesiano,2,,2,2,10,,0,4,98,1,1,3,2,,,,,0,0,0,0,0,0,0,,0,0,0,0,0,0,0,0,0,0,0,,0,0,0,0,0,,0,0,0,0,,,,,,1
4,10/22/24,02,452,3,1,,3,,3,,2,2,,2,,1,2,7,,0,2,3,1,2,,2,,,,,0,0,0,0,0,0,0,,0,0,0,0,0,0,0,0,0,0,0,,0,0,0,0,0,,0,0,0,0,,,,,,1
4,10/22/24,02,180,3,1,,3,,4,,4,2,,2,,2,1,,,1,3,3,2,,,2,,,,,0,0,0,0,0,0,0,,0,0,0,0,0,0,0,0,0,0,0,,0,0,0,0,0,,0,0,0,0,,,,,,1
5,10/22/24,02,265,3,1,,3,,3,,4,2,,2,,98,1,,,1,4,2,1,1,2,1,10,2,,,0,0,0,0,0,0,0,,0,0,0,0,0,0,0,0,0,0,0,,0,0,0,0,0,,0,0,0,0,,,,,,1
5,10/22/24,02,262,3,1,,3,,3,,2,2,,2,,1,2,21,,0,3,2,1,1,2,1,3,2,,,0,0,0,0,0,0,0,,0,0,0,0,0,0,0,0,0,0,0,,0,0,0,0,0,,0,0,0,0,,,,,,1
5,10/22/24,02,179,3,1,,3,,3,,1,2,,2,,98,2,8,,2,2,2,1,2,,1,20,2,,,0,0,0,0,0,0,0,,0,0,0,0,0,0,0,0,0,0,0,,0,0,0,0,0,,0,0,0,0,,,,,,1
5,10/22/24,02,188,3,2,,3,,3,,1,2,,2,,98,2,16,,0,4,2,1,1,2,1,1,2,,,0,0,0,0,0,0,0,,0,0,0,0,0,0,0,0,0,0,0,,0,0,0,0,0,,0,0,0,0,,,,,,1
8,10/23/24,02,165,3,2,,3,,1,,1,2,,2,,2,1,,,0,2,98,1,1,98,2,,,,,0,0,0,0,0,0,0,,0,0,0,0,0,0,0,0,0,0,0,,0,0,0,0,0,,0,0,0,0,,,,,,1
8,10/23/24,02,175,3,99,Calamina,3,,1,,1,2,,1,,2,2,3,,0,2,98,1,1,2,2,,,,,0,0,0,0,0,0,0,,0,0,0,0,0,0,0,0,0,0,0,,0,0,0,0,0,,0,0,0,0,,,,,,2
8,10/23/24,02,494,3,1,,3,,3,,4,2,,2,,2,1,,,0,4,98,2,,,1,8,1,7,Yanamono,1,0,0,0,0,0,0,,0,0,0,0,0,0,0,0,0,0,1,Motorista,1,0,0,0,0,,0,0,0,1,Albergue,,,,1,1
6,10/23/24,02,264,3,1,,3,,99,Cemento,2,2,,2,,2,1,,,0,2,3,2,,,2,,,,,0,0,0,0,0,0,0,,0,0,0,0,0,0,0,0,0,0,0,,0,0,0,0,0,,0,0,0,0,,,,,,1
6,10/23/24,02,141,3,1,,3,,99,Cemento,2,2,,2,,1,2,21,,0,2,2,1,1,2,2,,,,,0,0,0,0,0,0,0,,0,0,0,0,0,0,0,0,0,0,0,,0,0,0,0,0,,0,0,0,0,,,,,,1
6,10/23/24,02,200,3,99,Madera,3,,3,,2,3,,2,,2,2,8,,0,2,3,1,1,3,2,,,,,0,0,0,0,0,0,0,,0,0,0,0,0,0,0,0,0,0,0,,0,0,0,0,0,,0,0,0,0,,,,,,1
6,10/23/24,02,146,3,1,,3,,99,Cemento,4,2,,2,,98,2,18,,0,0,,,,,2,,,,,0,0,0,0,0,0,0,,0,0,0,0,0,0,0,0,0,0,0,,0,0,0,0,0,,0,0,0,0,,,,,,1
7,10/23/24,02,240,3,1,,3,,3,,4,2,,2,,1,1,,,0,4,3,1,1,3,2,,,,,0,0,0,0,0,0,0,,0,0,0,0,0,0,0,0,0,0,0,,0,0,0,0,0,,0,0,0,0,,,,,,1
7,10/23/24,02,170,3,1,,3,,3,,4,2,,2,,2,1,,,0,1,3,1,1,3,2,,,,,0,0,0,0,0,0,0,,0,0,0,0,0,0,0,0,0,0,0,,0,0,0,0,0,,0,0,0,0,,,,,,1
7,10/23/24,02,166,3,2,,3,,3,,2,2,,2,,2,1,,,0,3,3,1,1,3,2,,,,,0,0,0,0,0,0,0,,0,0,0,0,0,0,0,0,0,0,0,,0,0,0,0,0,,0,0,0,0,,,,,,1
5,10/23/24,02,243,3,1,,3,,4,,3,2,,2,,1,2,3,,0,3,2,1,1,2,1,8,2,,,0,0,0,0,0,0,0,,0,0,0,0,0,0,0,0,0,0,0,,0,0,0,0,0,,0,0,0,0,,,,,,1
5,10/23/24,02,161,3,2,,3,,3,,1,2,,2,,2,1,,,1,1,2,1,1,2,1,2,2,,,0,0,0,0,0,0,0,,0,0,0,0,0,0,0,0,0,0,0,,0,0,0,0,0,,0,0,0,0,,,,,,1
5,10/23/24,02,511,3,2,,3,,1,,3,2,,1,,2,2,2,,4,0,,1,,,1,3,2,,,0,0,0,0,0,0,0,,0,0,0,0,0,0,0,0,0,0,0,,0,0,0,0,0,,0,0,0,0,,,,,,1
2,10/23/24,02,235,3,99,Fibra cemento,3,,3,,3,99,Pozo artesiano,2,,2,1,,,0,4,3,1,1,3,2,,,,,0,0,0,0,0,0,0,,0,0,0,0,0,0,0,0,0,0,0,,0,0,0,0,0,,0,0,0,0,,,,,,1
2,10/23/24,02,184,3,2,,3,,1,,3,99,Pozo artesiano ,1,,2,2,16,,0,3,3,1,1,3,2,,,,,0,0,0,0,0,0,0,,0,0,0,0,0,0,0,0,0,0,0,,0,0,0,0,0,,0,0,0,0,,,,,,1
2,10/23/24,02,148,3,99,Tripley,3,,3,,2,99,Pozo artesiano,2,,1,1,,,0,4,2,1,1,3,2,,,,,0,0,0,0,0,0,0,,0,0,0,0,0,0,0,0,0,0,0,,0,0,0,0,0,,0,0,0,0,,,,,,1
9,10/23/24,02,234,3,1,,3,,1,,2,3,,2,,2,1,,,0,1,3,1,1,3,2,,,,,0,0,0,0,0,0,0,,0,0,0,0,0,0,0,0,0,0,0,,0,0,0,0,0,,0,0,0,0,,,,,,1
9,10/23/24,02,236,3,1,,3,,4,,2,3,,2,,2,2,21,,0,2,2,1,1,3,2,,,,,0,0,0,0,0,0,0,,0,0,0,0,0,0,0,0,0,0,0,,0,0,0,0,0,,0,0,0,0,,,,,,1
,,,,,,,,,,,,,,,,,,,,,,,,,,,,,,,0,0,0,0,0,0,0,,0,0,0,0,0,0,0,0,0,0,0,,0,0,0,0,0,,0,0,0,0,,,,,,0
9,10/23/24,02,167,3,2,,3,,1,,1,2,,1,,2,1,,,0,1,3,1,1,3,2,,,,,0,0,0,0,0,0,0,,0,0,0,0,0,0,0,0,0,0,0,,0,0,0,0,0,,0,0,0,0,,,,,,1
9,10/23/24,02,187,3,2,,3,,3,,4,2,,2,,1,1,,,0,2,3,1,1,3,2,,,,,0,0,0,0,0,0,0,,0,0,0,0,0,0,0,0,0,0,0,,0,0,0,0,0,,0,0,0,0,,,,,,1
9,10/23/24,02,145,3,2,,3,,3,,4,3,,2,,2,2,7,,1,3,3,1,1,3,2,,,,,0,0,0,0,0,0,0,,0,0,0,0,0,0,0,0,0,0,0,,0,0,0,0,0,,0,0,0,0,,,,,,1
4,10/23/24,02,237,3,1,,3,,3,,4,3,,2,,1,2,3,,0,4,3,2,,,2,,,,,0,0,0,0,0,0,0,,0,0,0,0,0,0,0,0,0,0,0,,0,0,0,0,0,,0,0,0,0,,,,,,1
4,10/23/24,02,160,3,2,,3,,3,,2,2,,2,,2,2,4,,1,1,3,2,,,2,,,,,0,0,0,0,0,0,0,,0,0,0,0,0,0,0,0,0,0,0,,0,0,0,0,0,,0,0,0,0,,,,,,1
4,10/23/24,02,495,3,2,,3,,3,,3,2,,2,,2,1,,,3,0,,2,,,2,,,,,0,0,0,0,0,0,0,,0,0,0,0,0,0,0,0,0,0,0,,0,0,0,0,0,,0,0,0,0,,,,,,1
4,10/23/24,02,147,3,1,,3,,3,,5,1,,2,,2,1,,,5,0,,2,,,2,,,,,0,0,0,0,0,0,0,,0,0,0,0,0,0,0,0,0,0,0,,0,0,0,0,0,,0,0,0,0,,,,,,1
10,10/23/24,02,246,3,2,,3,,3,,1,2,,2,,2,1,,,0,1,2,1,1,2,2,,,,,0,0,0,0,0,0,0,,0,0,0,0,0,0,0,0,0,0,0,,0,0,0,0,0,,0,0,0,0,,,,,,1
10,10/23/24,02,172,3,2,,3,,3,,2,2,,2,,1,2,3,,0,2,98,1,1,98,2,,,,,0,0,0,0,0,0,0,,0,0,0,0,0,0,0,0,0,0,0,,0,0,0,0,0,,0,0,0,0,,,,,,1
10,10/23/24,02,201,2,2,,3,,2,,4,2,,2,,98,1,,,0,4,2,1,1,2,2,,,,,0,0,0,0,0,0,0,,0,0,0,0,0,0,0,0,0,0,0,,0,0,0,0,0,,0,0,0,0,,,,,,1
10,10/23/24,02,142,3,2,,3,,3,,2,2,,2,,2,2,5,,0,2,3,1,1,3,2,,,,,0,0,0,0,0,0,0,,0,0,0,0,0,0,0,0,0,0,0,,0,0,0,0,0,,0,0,0,0,,,,,,1
,,,,,,,,,,,,,,,,,,,,,,,,,,,,,,,,,,,,,,,,,,,,,,,,,,,,,,,,,,,,,,,,,,
,,,,,,,,,,,,,,,,,,,,,,,,,,,,,,,,,,,,,,,,,,,,,,,,,,,,,,,,,,,,,,,,,,
,,,,,,,,,,,,,,,,,,,,,,,,,,,,,,,,,,,,,,,,,,,,,,,,,,,,,,,,,,,,,,,,,,
9,10/24/24,02,164,3,2,,3,,3,,8,3,,2,,2,2,5,,3,0,,1,,,2,,,,,0,0,0,0,0,0,0,,0,0,0,0,0,0,0,0,0,0,0,,0,0,0,0,0,,0,0,0,0,,,,,,1
,,,,,,,,,,,,,,,,,,,,,,,,,,,,,,,0,0,0,0,0,0,0,,0,0,0,0,0,0,0,0,0,0,0,,0,0,0,0,0,,0,0,0,0,,,,,,0
4,10/24/24,02,255,3,1,,3,,3,,1,2,,2,,2,3,,11,0,1,3,1,1,3,2,,,,,0,0,0,0,0,0,0,,0,0,0,0,0,0,0,0,0,0,0,,0,0,0,0,0,,0,0,0,0,,,,,,1
7,10/25/24,02,326,3,99,Tripley,3,,3,,3,99,Pilon,2,,2,1,,,0,3,3,1,1,3,2,,,,,0,0,0,0,0,0,0,,0,0,0,0,0,0,0,0,0,0,0,,0,0,0,0,0,,0,0,0,0,,,,,,1
7,10/25/24,02,325,3,99,Triplay,3,,3,,1,2,,2,,2,2,4,,0,2,2,1,1,2,2,,,,,0,0,0,0,0,0,0,,0,0,0,0,0,0,0,0,0,0,0,,0,0,0,0,0,,0,0,0,0,,,,,,1
5,10/25/24,02,324,3,1,,3,,3,,4,2,,2,,1,2,21,,0,4,2,1,1,2,1,1,2,,,0,0,0,0,0,0,0,,0,0,0,0,0,0,0,0,0,0,0,,0,0,0,0,0,,0,0,0,0,,,,,,1
6,10/25/24,02,403,3,1,,3,,3,,3,2,,2,,2,2,12,,0,2,3,1,1,3,2,,,,,0,0,0,0,0,0,0,,0,0,0,0,0,0,0,0,0,0,0,,0,0,0,0,0,,0,0,0,0,,,,,,1
8,10/25/24,02,328,2,1,,3,,3,,4,2,,2,,2,1,,,0,3,98,1,1,98,2,,,,,0,0,0,0,0,0,0,,0,0,0,0,0,0,0,0,0,0,0,,0,0,0,0,0,,0,0,0,0,,,,,,1
8,10/25/24,02,327,2,99,Madera y cemento,3,,3,,2,2,,2,,2,2,21,,3,0,,1,,,2,,,,,0,0,0,0,0,0,0,,0,0,0,0,0,0,0,0,0,0,0,,0,0,0,0,0,,0,0,0,0,,,,,,1
9,10/25/24,02,319,3,1,,3,,3,,2,3,,2,,2,1,,,2,0,,1,,,2,,,,,0,0,0,0,0,0,0,,0,0,0,0,0,0,0,0,0,0,0,,0,0,0,0,0,,0,0,0,0,,,,,,1
9,10/25/24,02,320,3,1,,3,,3,,1,3,,2,,2,2,2,,0,1,2,1,1,2,2,,,,,0,0,0,0,0,0,0,,0,0,0,0,0,0,0,0,0,0,0,,0,0,0,0,0,,0,0,0,0,,,,,,1
4,10/25/24,02,323,3,2,,3,,3,,3,99,Tanque,2,,2,1,,,6,0,,2,,,2,,,,,0,0,0,0,0,0,0,,0,0,0,0,0,0,0,0,0,0,0,,0,0,0,0,0,,0,0,0,0,,,,,,1
,,,,,,,,,,,,,,,,,,,,,,,,,,,,,,,,,,,,,,,,,,,,,,,,,,,,,,,,,,,,,,,,,,
,,,,,,,,,,,,,,,,,,,,,,,,,,,,,,,,,,,,,,,,,,,,,,,,,,,,,,,,,,,,,,,,,,
,,,,,,,,,,,,,,,,,,,,,,,,,,,,,,,,,,,,,,,,,,,,,,,,,,,,,,,,,,,,,,,,,,
4,10/25/24,02,650,3,1,,3,,3,,2,2,,2,,2,1,,,0,1,3,2,,,2,,,,,0,0,0,0,0,0,0,,0,0,0,0,0,0,0,0,0,0,0,,0,0,0,0,0,,0,0,0,0,,,,,,1
,,,,,,,,,,,,,,,,,,,,,,,,,,,,,,,,,,,,,,,,,,,,,,,,,,,,,,,,,,,,,,,,,,
,,,,,,,,,,,,,,,,,,,,,,,,,,,,,,,,,,,,,,,,,,,,,,,,,,,,,,,,,,,,,,,,,,
,,,,,,,,,,,,,,,,,,,,,,,,,,,,,,,,,,,,,,,,,,,,,,,,,,,,,,,,,,,,,,,,,,
10,10/25/24,02,329,3,2,,3,,2,,2,2,,2,,1,1,,,0,3,2,1,1,2,2,,,,,0,0,0,0,0,0,0,,0,0,0,0,0,0,0,0,0,0,0,,0,0,0,0,0,,0,0,0,0,,,,,,1
2,10/25/24,02,322,3,2,,3,,3,,3,99,Pozo artesiano,2,,2,2,9,,0,5,2,1,1,3,2,,,,,0,0,0,0,0,0,0,,0,0,0,0,0,0,0,0,0,0,0,,0,0,0,0,0,,0,0,0,0,,,,,,1
2,10/25/24,02,318,2,99,Tripley,3,,3,,2,99,Pozo artesiano,2,,98,1,,,0,4,98,1,1,3,2,,,,,0,0,0,0,0,0,0,,0,0,0,0,0,0,0,0,0,0,0,,0,0,0,0,0,,0,0,0,0,,,,,,1
6,10/26/24,02,273,3,1,,3,,3,,3,2,,2,,2,2,19,,4,0,,1,,,2,,,,,0,0,0,0,0,0,0,,0,0,0,0,0,0,0,0,0,0,0,,0,0,0,0,0,,0,0,0,0,,,,,,1
6,10/26/24,02,117,3,1,,3,,3,,2,2,,2,,2,2,3,,2,0,,1,,,2,,,,,0,0,0,0,0,0,0,,0,0,0,0,0,0,0,0,0,0,0,,0,0,0,0,0,,0,0,0,0,,,,,,1
4,10/26/24,02,131,3,1,,3,,3,,2,2,,2,,2,2,15,,2,1,3,1,1,3,2,,,,,0,0,0,0,0,0,0,,0,0,0,0,0,0,0,0,0,0,0,,0,0,0,0,0,,0,0,0,0,,,,,,1
10,10/26/24,02,285,3,1,,3,,3,,3,2,,2,,1,1,,,0,3,98,1,1,3,2,,,,,0,0,0,0,0,0,0,,0,0,0,0,0,0,0,0,0,0,0,,0,0,0,0,0,,0,0,0,0,,,,,,1
,,,,,,,,,,,,,,,,,,,,,,,,,,,,,,,,,,,,,,,,,,,,,,,,,,,,,,,,,,,,,,,,,,
10,10/26/24,02,107,3,1,,3,,3,,1,2,,2,,98,1,,,0,1,98,1,98,,2,,,,,0,0,0,0,0,0,0,,0,0,0,0,0,0,0,0,0,0,0,,0,0,0,0,0,,0,0,0,0,,,,,,1
7,10/26/24,02,483,3,1,,3,,3,,2,2,,2,,1,2,10,,1,3,2,1,1,2,2,,,,,0,0,0,0,0,0,0,,0,0,0,0,0,0,0,0,0,0,0,,0,0,0,0,0,,0,0,0,0,,,,,,1
7,10/26/24,02,516,3,2,,3,,3,,1,2,,2,,2,1,,,1,1,1,1,1,1,2,,,,,0,0,0,0,0,0,0,,0,0,0,0,0,0,0,0,0,0,0,,0,0,0,0,0,,0,0,0,0,,,,,,1
7,10/26/24,02,109,3,1,,3,,3,,4,2,,2,,1,1,,,0,0,,,,,2,,,,,0,0,0,0,0,0,0,,0,0,0,0,0,0,0,0,0,0,0,,0,0,0,0,0,,0,0,0,0,,,,,,1
7,10/26/24,02,114,3,2,,3,,3,,3,2,,2,,1,2,10,,0,3,2,1,1,2,2,,,,,0,0,0,0,0,0,0,,0,0,0,0,0,0,0,0,0,0,0,,0,0,0,0,0,,0,0,0,0,,,,,,1
7,10/26/24,02,658,3,2,,3,,4,,1,2,,2,,2,2,16,,0,3,2,1,1,2,2,,,,,0,0,0,0,0,0,0,,0,0,0,0,0,0,0,0,0,0,0,,0,0,0,0,0,,0,0,0,0,,,,,,1
9,10/26/24,02,485,3,2,,3,,1,,1,2,,2,,2,1,,,0,1,3,1,1,3,2,,,,,0,0,0,0,0,0,0,,0,0,0,0,0,0,0,0,0,0,0,,0,0,0,0,0,,0,0,0,0,,,,,,1
9,10/26/24,02,655,3,1,,3,,3,,2,2,,2,,1,2,21,,0,0,,,,,2,,,,,0,0,0,0,0,0,0,,0,0,0,0,0,0,0,0,0,0,0,,0,0,0,0,0,,0,0,0,0,,,,,,1
9,10/26/24,02,656,3,1,,3,,3,,1,2,,2,,1,1,,,0,1,3,1,1,3,2,,,,,0,0,0,0,0,0,0,,0,0,0,0,0,0,0,0,0,0,0,,0,0,0,0,0,,0,0,0,0,,,,,,1
8,10/26/24,02,249,2,1,,3,,3,,1,2,,2,,2,2,6,,0,0,,,,,2,,,,,0,0,0,0,0,0,0,,0,0,0,0,0,0,0,0,0,0,0,,0,0,0,0,0,,0,0,0,0,,,,,,1
8,10/26/24,02,110,2,1,,3,,3,,6,2,,2,,2,1,,,1,0,,1,,,2,,,,,0,0,0,0,0,0,0,,0,0,0,0,0,0,0,0,0,0,0,,0,0,0,0,0,,0,0,0,0,,,,,,1
8,10/26/24,02,116,2,2,,3,,3,,3,2,,2,,2,1,,,0,2,2,1,1,2,2,,,,,0,0,0,0,0,0,0,,0,0,0,0,0,0,0,0,0,0,0,,0,0,0,0,0,,0,0,0,0,,,,,,1
2,10/26/24,02,263,3,1,,3,,3,,2,99,Pozo artesiano,2,,2,2,10,,0,0,,,,,2,,,,,0,0,0,0,0,0,0,,0,0,0,0,0,0,0,0,0,0,0,,0,0,0,0,0,,0,0,0,0,,,,,,1
2,10/26/24,02,118,3,1,,3,,3,,1,99,Pozo artesiano,2,,1,2,12,,0,4,3,1,1,3,2,,,,,0,0,0,0,0,0,0,,0,0,0,0,0,0,0,0,0,0,0,,0,0,0,0,0,,0,0,0,0,,,,,,1
2,10/26/24,02,121,3,99,Tripley,3,,3,,2,99,Pozo artesiano,2,,2,1,,,0,1,98,1,1,3,2,,,,,0,0,0,0,0,0,0,,0,0,0,0,0,0,0,0,0,0,0,,0,0,0,0,0,,0,0,0,0,,,,,,1
5,10/26/24,02,149,3,2,,3,,1,,3,2,,2,,2,2,6,,0,2,2,1,1,2,1,15,2,,,0,0,0,0,0,0,0,,0,0,0,0,0,0,0,0,0,0,0,,0,0,0,0,0,,0,0,0,0,,,,,,1
5,10/26/24,02,151,3,1,,3,,3,,2,2,,2,,2,2,7,,0,0,,,,,1,20,2,,,0,0,0,0,0,0,0,,0,0,0,0,0,0,0,0,0,0,0,,0,0,0,0,0,,0,0,0,0,,,,,,1
5,10/26/24,02,657,3,2,,3,,3,,1,2,,2,,2,2,13,,0,1,3,1,1,3,1,2,2,,,0,0,0,0,0,0,0,,0,0,0,0,0,0,0,0,0,0,0,,0,0,0,0,0,,0,0,0,0,,,,,,1
,,,,,,,,,,,,,,,,,,,,,,,,,,,,,,,0,0,0,0,0,0,0,,0,0,0,0,0,0,0,0,0,0,0,,0,0,0,0,0,,0,0,0,0,,,,,,0
,,,,,,,,,,,,,,,,,,,,,,,,,,,,,,,0,0,0,0,0,0,0,,0,0,0,0,0,0,0,0,0,0,0,,0,0,0,0,0,,0,0,0,0,,,,,,0
6,10/27/24,02,217,3,99,Madera,3,,3,,1,2,,2,,1,2,21,,0,1,2,1,1,2,2,,,,,0,0,0,0,0,0,0,,0,0,0,0,0,0,0,0,0,0,0,,0,0,0,0,0,,0,0,0,0,,,,,,1
6,10/27/24,02,242,3,99,Triplay,3,,3,,4,2,,1,,2,2,20,,4,0,,1,,,2,,,,,0,0,0,0,0,0,0,,0,0,0,0,0,0,0,0,0,0,0,,0,0,0,0,0,,0,0,0,0,,,,,,1
6,10/27/24,02,105,3,99,Triplay,3,,3,,3,2,,2,,2,2,8,,3,0,,2,,,2,,,,,0,0,0,0,0,0,0,,0,0,0,0,0,0,0,0,0,0,0,,0,0,0,0,0,,0,0,0,0,,,,,,1
6,10/27/24,02,106,3,99,Triplay,3,,99,Cemento,1,2,,2,,2,2,3,,2,0,,1,,,2,,,,,0,0,0,0,0,0,0,,0,0,0,0,0,0,0,0,0,0,0,,0,0,0,0,0,,0,0,0,0,,,,,,1
9,10/27/24,02,244,3,2,,3,,3,,2,2,,2,,1,2,4,,0,3,2,1,1,2,2,,,,,0,0,0,0,0,0,0,,0,0,0,0,0,0,0,0,0,0,0,,0,0,0,0,0,,0,0,0,0,,,,,,1
9,10/27/24,02,209,3,1,,3,,4,,3,2,,2,,1,1,,,0,3,3,1,1,3,2,,,,,0,0,0,0,0,0,0,,0,0,0,0,0,0,0,0,0,0,0,,0,0,0,0,0,,0,0,0,0,,,,,,1
2,10/27/24,02,660,3,99,Tripley,3,,3,,4,99,Pozo artesiano,2,,2,2,21,,0,4,98,1,1,2,2,,,,,0,0,0,0,0,0,0,,0,0,0,0,0,0,0,0,0,0,0,,0,0,0,0,0,,0,0,0,0,,,,,,1
2,10/27/24,02,703,3,1,,3,,3,,3,99,Pozo artesiano,2,,2,2,20,,0,0,,,,,2,,,,,0,0,0,0,0,0,0,,0,0,0,0,0,0,0,0,0,0,0,,0,0,0,0,0,,0,0,0,0,,,,,,1
10,10/27/24,02,252,3,1,,3,,4,,2,2,,2,,98,2,10,,0,3,2,1,1,2,2,,,,,0,0,0,0,0,0,0,,0,0,0,0,0,0,0,0,0,0,0,,0,0,0,0,0,,0,0,0,0,,,,,,1
,,,,,,,,,,,,,,,,,,,,,,,,,,,,,,,,,,,,,,,,,,,,,,,,,,,,,,,,,,,,,,,,,,
,,,,,,,,,,,,,,,,,,,,,,,,,,,,,,,,,,,,,,,,,,,,,,,,,,,,,,,,,,,,,,,,,,
,,,,,,,,,,,,,,,,,,,,,,,,,,,,,,,,,,,,,,,,,,,,,,,,,,,,,,,,,,,,,,,,,,
10,10/27/24,02,168,2,2,,3,,1,,1,2,,2,,2,2,2,,0,1,98,1,98,,2,,,,,0,0,0,0,0,0,0,,0,0,0,0,0,0,0,0,0,0,0,,0,0,0,0,0,,0,0,0,0,,,,,,1
,,,,,,,,,,,,,,,,,,,,,,,,,,,,,,,,,,,,,,,,,,,,,,,,,,,,,,,,,,,,,,,,,,
,,,,,,,,,,,,,,,,,,,,,,,,,,,,,,,,,,,,,,,,,,,,,,,,,,,,,,,,,,,,,,,,,,
,,,,,,,,,,,,,,,,,,,,,,,,,,,,,,,,,,,,,,,,,,,,,,,,,,,,,,,,,,,,,,,,,,
,,,,,,,,,,,,,,,,,,,,,,,,,,,,,,,0,0,0,0,0,0,0,,0,0,0,0,0,0,0,0,0,0,0,,0,0,0,0,0,,0,0,0,0,,,,,,0
,,,,,,,,,,,,,,,,,,,,,,,,,,,,,,,,,,,,,,,,,,,,,,,,,,,,,,,,,,,,,,,,,,
,,,,,,,,,,,,,,,,,,,,,,,,,,,,,,,,,,,,,,,,,,,,,,,,,,,,,,,,,,,,,,,,,,
,,,,,,,,,,,,,,,,,,,,,,,,,,,,,,,,,,,,,,,,,,,,,,,,,,,,,,,,,,,,,,,,,,
4,10/27/24,02,247,3,1,,3,,3,,4,2,,2,,1,2,21,,0,3,3,1,1,3,2,,,,,0,0,0,0,0,0,0,,0,0,0,0,0,0,0,0,0,0,0,,0,0,0,0,0,,0,0,0,0,,,,,,1
,,,,,,,,,,,,,,,,,,,,,,,,,,,,,,,,,,,,,,,,,,,,,,,,,,,,,,,,,,,,,,,,,,
,,,,,,,,,,,,,,,,,,,,,,,,,,,,,,,,,,,,,,,,,,,,,,,,,,,,,,,,,,,,,,,,,,
,,,,,,,,,,,,,,,,,,,,,,,,,,,,,,,,,,,,,,,,,,,,,,,,,,,,,,,,,,,,,,,,,,
4,10/27/24,02,122,3,2,,3,,3,,4,2,,2,,2,2,7,,1,4,3,2,,,2,,,,,0,0,0,0,0,0,0,,0,0,0,0,0,0,0,0,0,0,0,,0,0,0,0,0,,0,0,0,0,,,,,,1
,,,,,,,,,,,,,,,,,,,,,,,,,,,,,,,,,,,,,,,,,,,,,,,,,,,,,,,,,,,,,,,,,,
,,,,,,,,,,,,,,,,,,,,,,,,,,,,,,,,,,,,,,,,,,,,,,,,,,,,,,,,,,,,,,,,,,
,,,,,,,,,,,,,,,,,,,,,,,,,,,,,,,,,,,,,,,,,,,,,,,,,,,,,,,,,,,,,,,,,,
7,10/27/24,02,515,3,1,,3,,3,,3,2,,1,,2,1,,,0,3,2,1,1,2,2,,,,,0,0,0,0,0,0,0,,0,0,0,0,0,0,0,0,0,0,0,,0,0,0,0,0,,0,0,0,0,,,,,,1
7,10/27/24,02,127,3,2,,3,,3,,3,2,,2,,2,1,,,3,0,,1,,,2,,,,,0,0,0,0,0,0,0,,0,0,0,0,0,0,0,0,0,0,0,,0,0,0,0,0,,0,0,0,0,,,,,,1
7,10/27/24,02,210,3,99,Triplay,3,,3,,2,99,Pilon,2,,2,1,,,0,2,3,1,1,3,1,2,1,2,Centro arenal,0,0,0,1,0,0,0,,0,0,0,0,0,0,0,0,0,0,0,,0,1,1,0,0,,1,0,0,0,,1,,,,1
7,10/27/24,02,129,3,1,,3,,3,,3,2,,2,,2,1,,,2,1,3,1,1,3,2,,,,,0,0,0,0,0,0,0,,0,0,0,0,0,0,0,0,0,0,0,,0,0,0,0,0,,0,0,0,0,,,,,,1
5,10/27/24,02,102,3,1,,3,,4,,3,2,,2,,1,1,,,0,4,2,1,1,2,1,5,2,,,0,0,0,0,0,0,0,,0,0,0,0,0,0,0,0,0,0,0,,0,0,0,0,0,,0,0,0,0,,,,,,1
5,10/27/24,02,133,3,99,Calamina,3,,1,,3,2,,2,,2,2,10,,3,0,,1,,,1,2,2,,,0,0,0,0,0,0,0,,0,0,0,0,0,0,0,0,0,0,0,,0,0,0,0,0,,0,0,0,0,,,,,,1
8,10/27/24,02,230,3,1,,3,,3,,1,2,,2,,2,1,,,0,2,98,1,1,98,2,,,,,0,0,0,0,0,0,0,,0,0,0,0,0,0,0,0,0,0,0,,0,0,0,0,0,,0,0,0,0,,,,,,1
8,10/27/24,02,218,2,2,,3,,3,,2,2,,2,,2,1,,,0,2,98,1,1,3,2,,,,,0,0,0,0,0,0,0,,0,0,0,0,0,0,0,0,0,0,0,,0,0,0,0,0,,0,0,0,0,,,,,,1
8,10/27/24,02,241,2,2,,3,,3,,2,2,,2,,2,2,10,,0,3,98,1,1,98,2,,,,,0,0,0,0,0,0,0,,0,0,0,0,0,0,0,0,0,0,0,,0,0,0,0,0,,0,0,0,0,,,,,,1
8,10/27/24,02,514,2,2,,3,,3,,2,2,,2,,2,2,7,,0,1,3,1,1,3,2,,,,,0,0,0,0,0,0,0,,0,0,0,0,0,0,0,0,0,0,0,,0,0,0,0,0,,0,0,0,0,,,,,,1
,,,,,,,,,,,,,,,,,,,,,,,,,,,,,,,0,0,0,0,0,0,0,,0,0,0,0,0,0,0,0,0,0,0,,0,0,0,0,0,,0,0,0,0,,,,,,0
7,10/28/24,02,720,3,1,,3,,3,,5,2,,2,,1,1,,,0,5,3,1,1,3,2,,,,,0,0,0,0,0,0,0,,0,0,0,0,0,0,0,0,0,0,0,,0,0,0,0,0,,0,0,0,0,,,,,,1
7,10/28/24,02,111,3,99,Triplay,3,,3,,2,2,,2,,2,1,,,0,4,2,1,1,2,2,,,,,0,0,0,0,0,0,0,,0,0,0,0,0,0,0,0,0,0,0,,0,0,0,0,0,,0,0,0,0,,,,,,1
6,10/28/24,02,758,3,99,Madera,3,,1,,2,2,,1,,1,2,21,,0,5,2,1,1,2,2,,,,,0,0,0,0,0,0,0,,0,0,0,0,0,0,0,0,0,0,0,,0,0,0,0,0,,0,0,0,0,,,,,,1
6,10/28/24,02,756,2,2,,3,,2,,1,2,,1,,2,2,1,,1,0,,1,,,2,,,,,0,0,0,0,0,0,0,,0,0,0,0,0,0,0,0,0,0,0,,0,0,0,0,0,,0,0,0,0,,,,,,1
,,,,,,,,,,,,,,,,,,,,,,,,,,,,,,,0,0,0,0,0,0,0,,0,0,0,0,0,0,0,0,0,0,0,,0,0,0,0,0,,0,0,0,0,,,,,,0
,,,,,,,,,,,,,,,,,,,,,,,,,,,,,,,0,0,0,0,0,0,0,,0,0,0,0,0,0,0,0,0,0,0,,0,0,0,0,0,,0,0,0,0,,,,,,0
,,,,,,,,,,,,,,,,,,,,,,,,,,,,,,,0,0,0,0,0,0,0,,0,0,0,0,0,0,0,0,0,0,0,,0,0,0,0,0,,0,0,0,0,,,,,,0
,,,,,,,,,,,,,,,,,,,,,,,,,,,,,,,0,0,0,0,0,0,0,,0,0,0,0,0,0,0,0,0,0,0,,0,0,0,0,0,,0,0,0,0,,,,,,0
,,,,,,,,,,,,,,,,,,,,,,,,,,,,,,,0,0,0,0,0,0,0,,0,0,0,0,0,0,0,0,0,0,0,,0,0,0,0,0,,0,0,0,0,,,,,,0
6,10/28/24,02,763,2,99,Triplay,3,,3,,2,2,,1,,2,2,3,,3,0,,1,,,2,,,,,0,0,0,0,0,0,0,,0,0,0,0,0,0,0,0,0,0,0,,0,0,0,0,0,,0,0,0,0,,,,,,1
9,10/28/24,02,766,3,2,,3,,1,,1,2,,1,,2,2,1,,1,0,,1,,,2,,,,,0,0,0,0,0,0,0,,0,0,0,0,0,0,0,0,0,0,0,,0,0,0,0,0,,0,0,0,0,,,,,,1
9,10/28/24,02,765,3,2,,3,,1,,1,2,,1,,2,2,21,,0,1,3,1,1,3,2,,,,,0,0,0,0,0,0,0,,0,0,0,0,0,0,0,0,0,0,0,,0,0,0,0,0,,0,0,0,0,,,,,,1
2,10/28/24,02,764,2,99,Esteras ,3,,1,,1,5,,1,,1,3,,1,2,0,,1,,,2,,,,,0,0,0,0,0,0,0,,0,0,0,0,0,0,0,0,0,0,0,,0,0,0,0,0,,0,0,0,0,,,,,,1
2,10/28/24,02,754,2,2,,3,,3,,1,5,,1,,2,3,,10,1,0,,1,,,2,,,,,0,0,0,0,0,0,0,,0,0,0,0,0,0,0,0,0,0,0,,0,0,0,0,0,,0,0,0,0,,,,,,1
4,10/28/24,02,486,3,1,,3,,3,,3,2,,2,,2,2,3,,0,1,98,2,,,2,,,,,0,0,0,0,0,0,0,,0,0,0,0,0,0,0,0,0,0,0,,0,0,0,0,0,,0,0,0,0,,,,,,1
8,10/28/24,02,132,3,1,,3,,3,,2,2,,2,,2,2,6,,4,0,,1,,,2,,,,,0,0,0,0,0,0,0,,0,0,0,0,0,0,0,0,0,0,0,,0,0,0,0,0,,0,0,0,0,,,,,,1
8,10/28/24,02,216,3,1,,3,,3,,2,2,,2,,2,2,5,,2,0,,1,,,2,,,,,0,0,0,0,0,0,0,,0,0,0,0,0,0,0,0,0,0,0,,0,0,0,0,0,,0,0,0,0,,,,,,1
,,,,,,,,,,,,,,,,,,,,,,,,,,,,,,,,,,,,,,,,,,,,,,,,,,,,,,,,,,,,,,,,,,
,,,,,,,,,,,,,,,,,,,,,,,,,,,,,,,,,,,,,,,,,,,,,,,,,,,,,,,,,,,,,,,,,,
,,,,,,,,,,,,,,,,,,,,,,,,,,,,,,,,,,,,,,,,,,,,,,,,,,,,,,,,,,,,,,,,,,
8,10/28/24,02,139,3,1,,3,,3,,4,2,,2,,2,98,,,0,2,98,1,1,98,2,,,,,0,0,0,0,0,0,0,,0,0,0,0,0,0,0,0,0,0,0,,0,0,0,0,0,,0,0,0,0,,,,,,1
,,,,,,,,,,,,,,,,,,,,,,,,,,,,,,,,,,,,,,,,,,,,,,,,,,,,,,,,,,,,,,,,,,
,,,,,,,,,,,,,,,,,,,,,,,,,,,,,,,,,,,,,,,,,,,,,,,,,,,,,,,,,,,,,,,,,,
,,,,,,,,,,,,,,,,,,,,,,,,,,,,,,,,,,,,,,,,,,,,,,,,,,,,,,,,,,,,,,,,,,
8,10/28/24,02,108,3,1,,3,,3,,2,2,,2,,2,2,2,,1,0,,2,,,2,,,,,0,0,0,0,0,0,0,,0,0,0,0,0,0,0,0,0,0,0,,0,0,0,0,0,,0,0,0,0,,,,,,1
,,,,,,,,,,,,,,,,,,,,,,,,,,,,,,,,,,,,,,,,,,,,,,,,,,,,,,,,,,,,,,,,,,
,,,,,,,,,,,,,,,,,,,,,,,,,,,,,,,,,,,,,,,,,,,,,,,,,,,,,,,,,,,,,,,,,,
,,,,,,,,,,,,,,,,,,,,,,,,,,,,,,,,,,,,,,,,,,,,,,,,,,,,,,,,,,,,,,,,,,
10,10/28/24,02,135,3,2,,3,,3,,2,2,,1,,2,2,15,,0,2,2,1,1,2,2,,,,,0,0,0,0,0,0,0,,0,0,0,0,0,0,0,0,0,0,0,,0,0,0,0,0,,0,0,0,0,,,,,,1
10,10/28/24,02,518,3,2,,3,,3,,2,2,,2,,1,1,,,0,5,2,1,1,2,2,,,,,0,0,0,0,0,0,0,,0,0,0,0,0,0,0,0,0,0,0,,0,0,0,0,0,,0,0,0,0,,,,,,1
,,,,,,,,,,,,,,,,,,,,,,,,,,,,,,,0,0,0,0,0,0,0,,0,0,0,0,0,0,0,0,0,0,0,,0,0,0,0,0,,0,0,0,0,,,,,,0
10,10/28/24,02,212,3,1,,3,,3,,3,2,,2,,98,1,,,0,3,3,1,1,3,2,,,,,0,0,0,0,0,0,0,,0,0,0,0,0,0,0,0,0,0,0,,0,0,0,0,0,,0,0,0,0,,,,,,1
,,,,,,,,,,,,,,,,,,,,,,,,,,,,,,,,,,,,,,,,,,,,,,,,,,,,,,,,,,,,,,,,,,
,,,,,,,,,,,,,,,,,,,,,,,,,,,,,,,,,,,,,,,,,,,,,,,,,,,,,,,,,,,,,,,,,,
,,,,,,,,,,,,,,,,,,,,,,,,,,,,,,,,,,,,,,,,,,,,,,,,,,,,,,,,,,,,,,,,,,
10,10/28/24,02,213,3,1,,3,,3,,1,2,,2,,98,2,1,,0,1,98,1,98,,2,,,,,0,0,0,0,0,0,0,,0,0,0,0,0,0,0,0,0,0,0,,0,0,0,0,0,,0,0,0,0,,,,,,1
,,,,,,,,,,,,,,,,,,,,,,,,,,,,,,,,,,,,,,,,,,,,,,,,,,,,,,,,,,,,,,,,,,
,,,,,,,,,,,,,,,,,,,,,,,,,,,,,,,,,,,,,,,,,,,,,,,,,,,,,,,,,,,,,,,,,,
,,,,,,,,,,,,,,,,,,,,,,,,,,,,,,,,,,,,,,,,,,,,,,,,,,,,,,,,,,,,,,,,,,
5,10/28/24,02,750,3,1,,3,,3,,1,2,,1,,2,3,,4,0,0,,,,,2,,,,,0,0,0,0,0,0,0,,0,0,0,0,0,0,0,0,0,0,0,,0,0,0,0,0,,0,0,0,0,,,,,,1
5,10/28/24,02,751,3,2,,3,,2,,1,2,,3,4,2,2,2,,3,0,,1,,,1,20,2,,,0,0,0,0,0,0,0,,0,0,0,0,0,0,0,0,0,0,0,,0,0,0,0,0,,0,0,0,0,,,,,,1
5,10/28/24,02,760,2,2,,3,,1,,1,2,,1,,2,2,10,,0,2,2,1,1,2,1,4,2,,,0,0,0,0,0,0,0,,0,0,0,0,0,0,0,0,0,0,0,,0,0,0,0,0,,0,0,0,0,,,,,,1
5,10/28/24,02,761,2,2,,3,,1,,1,2,,1,,2,2,9,,1,0,,1,,,2,,,,,0,0,0,0,0,0,0,,0,0,0,0,0,0,0,0,0,0,0,,0,0,0,0,0,,0,0,0,0,,,,,,1
2,10/29/24,02,157,3,99,Ladrillo y Tripley,3,,3,,3,1,,2,,1,2,9,,0,3,3,1,1,3,2,,,,,0,0,0,0,0,0,0,,0,0,0,0,0,0,0,0,0,0,0,,0,0,0,0,0,,0,0,0,0,,,,,,1
6,10/29/24,02,130,3,1,,3,,4,,1,2,,2,,2,1,,,0,1,3,1,1,3,2,,,,,0,0,0,0,0,0,0,,0,0,0,0,0,0,0,0,0,0,0,,0,0,0,0,0,,0,0,0,0,,,,,,1
,,,,,,,,,,,,,,,,,,,,,,,,,,,,,,,0,0,0,0,0,0,0,,0,0,0,0,0,0,0,0,0,0,0,,0,0,0,0,0,,0,0,0,0,,,,,,0
10,10/29/24,02,112,2,2,,3,,1,,1,2,,1,,2,3,,3,1,0,,1,,,2,,,,,0,0,0,0,0,0,0,,0,0,0,0,0,0,0,0,0,0,0,,0,0,0,0,0,,0,0,0,0,,,,,,1
7,10/29/24,02,154,3,1,,3,,3,,3,2,,2,,2,2,20,,0,3,2,1,1,2,1,1,1,3,"Santa rosa de atun caño, quebrada",1,0,0,0,0,0,0,,0,0,0,0,0,0,0,0,0,0,1,Guia turismo,0,0,0,0,1,Deslizador,1,0,0,0,,1,,,,1
,,,,,,,,,,,,,,,,,,,,,,,,,,,,,,,0,0,0,0,0,0,0,,0,0,0,0,0,0,0,0,0,0,0,,0,0,0,0,0,,0,0,0,0,,,,,,0
7,10/29/24,02,156,3,1,,3,,4,,4,2,,2,,1,2,3,,0,0,,,,,1,1,1,12,Buenos aires,0,0,0,1,0,0,0,,0,0,0,0,0,0,0,0,0,0,0,,0,0,0,0,1,Avion,1,0,0,0,,2,,,,1
9,10/29/24,02,671,3,1,,3,,1,,1,2,,2,,2,3,,3,1,0,,1,,,2,,,,,0,0,0,0,0,0,0,,0,0,0,0,0,0,0,0,0,0,0,,0,0,0,0,0,,0,0,0,0,,,,,,1
9,10/29/24,02,767,3,2,,3,,1,,2,2,,1,,2,2,21,,1,0,,1,,,2,,,,,0,0,0,0,0,0,0,,0,0,0,0,0,0,0,0,0,0,0,,0,0,0,0,0,,0,0,0,0,,,,,,1
,,,,,,,,,,,,,,,,,,,,,,,,,,,,,,,0,0,0,0,0,0,0,,0,0,0,0,0,0,0,0,0,0,0,,0,0,0,0,0,,0,0,0,0,,,,,,0
9,10/29/24,02,752,3,1,,3,,3,,4,2,,1,,2,2,4,,4,0,,1,,,2,,,,,0,0,0,0,0,0,0,,0,0,0,0,0,0,0,0,0,0,0,,0,0,0,0,0,,0,0,0,0,,,,,,1
4,10/29/24,02,601,3,2,,3,,3,,3,2,,2,,98,2,8,,2,0,,2,,,2,,,,,0,0,0,0,0,0,0,,0,0,0,0,0,0,0,0,0,0,0,,0,0,0,0,0,,0,0,0,0,,,,,,1
4,10/29/24,02,153,3,1,,3,,3,,3,2,,2,,2,1,,,3,0,,2,,,2,,,,,0,0,0,0,0,0,0,,0,0,0,0,0,0,0,0,0,0,0,,0,0,0,0,0,,0,0,0,0,,,,,,1
,,,,,,,,,,,,,,,,,,,,,,,,,,,,,,,,,,,,,,,,,,,,,,,,,,,,,,,,,,,,,,,,,,
,,,,,,,,,,,,,,,,,,,,,,,,,,,,,,,,,,,,,,,,,,,,,,,,,,,,,,,,,,,,,,,,,,
,,,,,,,,,,,,,,,,,,,,,,,,,,,,,,,,,,,,,,,,,,,,,,,,,,,,,,,,,,,,,,,,,,
8,10/29/24,02,155,3,1,,3,,3,,4,2,,2,,2,2,20,,0,4,98,1,1,98,2,,,,,0,0,0,0,0,0,0,,0,0,0,0,0,0,0,0,0,0,0,,0,0,0,0,0,,0,0,0,0,,,,,,1
8,10/29/24,02,768,3,1,,3,,3,,4,2,,2,,2,2,1,,0,0,,,,,2,,,,,0,0,0,0,0,0,0,,0,0,0,0,0,0,0,0,0,0,0,,0,0,0,0,0,,0,0,0,0,,,,,,1
8,10/29/24,02,770,2,2,,3,,1,,1,99,Agua potable,2,,1,2,13,,0,0,,,,,2,,,,,0,0,0,0,0,0,0,,0,0,0,0,0,0,0,0,0,0,0,,0,0,0,0,0,,0,0,0,0,,,,,,1
,,,,,,,,,,,,,,,,,,,,,,,,,,,,,,,0,0,0,0,0,0,0,,0,0,0,0,0,0,0,0,0,0,0,,0,0,0,0,0,,0,0,0,0,,,,,,0
8,10/29/24,02,771,2,99,Ladrillo y tripley,3,,3,,1,2,,1,,2,2,3,,4,0,,1,,,2,,,,,0,0,0,0,0,0,0,,0,0,0,0,0,0,0,0,0,0,0,,0,0,0,0,0,,0,0,0,0,,,,,,1
5,10/29/24,02,208,3,1,,3,,3,,2,2,,2,,2,2,21,,0,3,2,1,1,2,1,20,2,,,0,0,0,0,0,0,0,,0,0,0,0,0,0,0,0,0,0,0,,0,0,0,0,0,,0,0,0,0,,,,,,1
,,,,,,,,,,,,,,,,,,,,,,,,,,,,,,,,,,,,,,,,,,,,,,,,,,,,,,,,,,,,,,,,,,
,,,,,,,,,,,,,,,,,,,,,,,,,,,,,,,,,,,,,,,,,,,,,,,,,,,,,,,,,,,,,,,,,,
,,,,,,,,,,,,,,,,,,,,,,,,,,,,,,,,,,,,,,,,,,,,,,,,,,,,,,,,,,,,,,,,,,
6,11/1/24,01,105,2,99,Triplay,3,,3,,1,2,,2,,2,2,1,,0,2,1,1,1,1,2,,,,,0,0,0,0,0,0,0,,0,0,0,0,0,0,0,0,0,0,0,,0,0,0,0,0,,0,0,0,0,,,,,,1
,,,,,,,,,,,,,,,,,,,,,,,,,,,,,,,,,,,,,,,,,,,,,,,,,,,,,,,,,,,,,,,,,,
,,,,,,,,,,,,,,,,,,,,,,,,,,,,,,,,,,,,,,,,,,,,,,,,,,,,,,,,,,,,,,,,,,
,,,,,,,,,,,,,,,,,,,,,,,,,,,,,,,,,,,,,,,,,,,,,,,,,,,,,,,,,,,,,,,,,,
,,,,,,,,,,,,,,,,,,,,,,,,,,,,,,,,,,,,,,,,,,,,,,,,,,,,,,,,,,,,,,,,,,
,,,,,,,,,,,,,,,,,,,,,,,,,,,,,,,,,,,,,,,,,,,,,,,,,,,,,,,,,,,,,,,,,,
,,,,,,,,,,,,,,,,,,,,,,,,,,,,,,,,,,,,,,,,,,,,,,,,,,,,,,,,,,,,,,,,,,
,,,,,,,,,,,,,,,,,,,,,,,,,,,,,,,,,,,,,,,,,,,,,,,,,,,,,,,,,,,,,,,,,,
,,,,,,,,,,,,,,,,,,,,,,,,,,,,,,,,,,,,,,,,,,,,,,,,,,,,,,,,,,,,,,,,,,
,,,,,,,,,,,,,,,,,,,,,,,,,,,,,,,,,,,,,,,,,,,,,,,,,,,,,,,,,,,,,,,,,,
,,,,,,,,,,,,,,,,,,,,,,,,,,,,,,,,,,,,,,,,,,,,,,,,,,,,,,,,,,,,,,,,,,
,,,,,,,,,,,,,,,,,,,,,,,,,,,,,,,,,,,,,,,,,,,,,,,,,,,,,,,,,,,,,,,,,,
,,,,,,,,,,,,,,,,,,,,,,,,,,,,,,,,,,,,,,,,,,,,,,,,,,,,,,,,,,,,,,,,,,
6,11/1/24,01,152,3,1,,3,,3,,1,2,,2,,2,1,,,0,2,1,1,1,1,2,,,,,0,0,0,0,0,0,0,,0,0,0,0,0,0,0,0,0,0,0,,0,0,0,0,0,,0,0,0,0,,,,,,1
,,,,,,,,,,,,,,,,,,,,,,,,,,,,,,,,,,,,,,,,,,,,,,,,,,,,,,,,,,,,,,,,,,
,,,,,,,,,,,,,,,,,,,,,,,,,,,,,,,,,,,,,,,,,,,,,,,,,,,,,,,,,,,,,,,,,,
,,,,,,,,,,,,,,,,,,,,,,,,,,,,,,,,,,,,,,,,,,,,,,,,,,,,,,,,,,,,,,,,,,
,,,,,,,,,,,,,,,,,,,,,,,,,,,,,,,,,,,,,,,,,,,,,,,,,,,,,,,,,,,,,,,,,,
,,,,,,,,,,,,,,,,,,,,,,,,,,,,,,,,,,,,,,,,,,,,,,,,,,,,,,,,,,,,,,,,,,
,,,,,,,,,,,,,,,,,,,,,,,,,,,,,,,,,,,,,,,,,,,,,,,,,,,,,,,,,,,,,,,,,,
,,,,,,,,,,,,,,,,,,,,,,,,,,,,,,,,,,,,,,,,,,,,,,,,,,,,,,,,,,,,,,,,,,
,,,,,,,,,,,,,,,,,,,,,,,,,,,,,,,,,,,,,,,,,,,,,,,,,,,,,,,,,,,,,,,,,,
,,,,,,,,,,,,,,,,,,,,,,,,,,,,,,,,,,,,,,,,,,,,,,,,,,,,,,,,,,,,,,,,,,
,,,,,,,,,,,,,,,,,,,,,,,,,,,,,,,,,,,,,,,,,,,,,,,,,,,,,,,,,,,,,,,,,,
,,,,,,,,,,,,,,,,,,,,,,,,,,,,,,,,,,,,,,,,,,,,,,,,,,,,,,,,,,,,,,,,,,
,,,,,,,,,,,,,,,,,,,,,,,,,,,,,,,,,,,,,,,,,,,,,,,,,,,,,,,,,,,,,,,,,,
,,,,,,,,,,,,,,,,,,,,,,,,,,,,,,,0,0,0,0,0,0,0,,0,0,0,0,0,0,0,0,0,0,0,,0,0,0,0,0,,0,0,0,0,,,,,,0
7,11/1/24,01,113,3,2,,3,,3,,2,2,,2,,2,2,20,,1,3,1,1,1,1,2,,,,,0,0,0,0,0,0,0,,0,0,0,0,0,0,0,0,0,0,0,,0,0,0,0,0,,0,0,0,0,,,,,,1
7,11/1/24,01,139,3,2,,3,,1,,1,2,,2,,2,1,,,0,3,1,1,1,1,2,,,,,0,0,0,0,0,0,0,,0,0,0,0,0,0,0,0,0,0,0,,0,0,0,0,0,,0,0,0,0,,,,,,1
4,11/1/24,01,104,3,2,,3,,1,,2,2,,2,,2,2,2,,1,2,1,2,,,2,,,,,0,0,0,0,0,0,0,,0,0,0,0,0,0,0,0,0,0,0,,0,0,0,0,0,,0,0,0,0,,,,,,1
4,11/1/24,01,456,3,1,,3,,3,,4,2,,2,,2,2,21,,2,2,1,2,,,2,,,,,0,0,0,0,0,0,0,,0,0,0,0,0,0,0,0,0,0,0,,0,0,0,0,0,,0,0,0,0,,,,,,1
,,,,,,,,,,,,,,,,,,,,,,,,,,,,,,,0,0,0,0,0,0,0,,0,0,0,0,0,0,0,0,0,0,0,,0,0,0,0,0,,0,0,0,0,,,,,,0
2,11/1/24,01,450,2,99,Tripley,3,,1,,2,99,"No tiene en su casa, trae de la casa de su mamá",2,,2,1,,,1,2,1,1,1,3,1,4,1,7,"Indiana, Loreto",1,0,0,0,0,0,0,,0,0,0,0,0,1,0,0,0,0,0,,1,0,0,0,0,,1,0,0,0,,1,,,,1
2,11/1/24,01,600,2,99,Tripley,3,,3,,3,99,Pozo artesiano,2,,1,2,10,,0,3,1,1,1,2,2,,,,,0,0,0,0,0,0,0,,0,0,0,0,0,0,0,0,0,0,0,,0,0,0,0,0,,0,0,0,0,,,,,,1
10,11/1/24,01,453,3,1,,3,,3,,2,2,,2,,1,1,,,0,0,,,,,2,,,,,0,0,0,0,0,0,0,,0,0,0,0,0,0,0,0,0,0,0,,0,0,0,0,0,,0,0,0,0,,,,,,1
10,11/1/24,01,458,2,2,,3,,3,,2,2,,2,,98,2,3,,0,3,98,1,98,,2,,,,,0,0,0,0,0,0,0,,0,0,0,0,0,0,0,0,0,0,0,,0,0,0,0,0,,0,0,0,0,,,,,,1
,,,,,,,,,,,,,,,,,,,,,,,,,,,,,,,0,0,0,0,0,0,0,,0,0,0,0,0,0,0,0,0,0,0,,0,0,0,0,0,,0,0,0,0,,,,,,0
9,11/1/24,01,114,3,1,,3,,3,,3,2,,2,,1,1,,,0,3,3,1,1,3,2,,,,,0,0,0,0,0,0,0,,0,0,0,0,0,0,0,0,0,0,0,,0,0,0,0,0,,0,0,0,0,,,,,,1
9,11/1/24,01,147,3,1,,3,,3,,5,2,,2,,1,2,15,,0,6,3,1,1,3,2,,,,,0,0,0,0,0,0,0,,0,0,0,0,0,0,0,0,0,0,0,,0,0,0,0,0,,0,0,0,0,,,,,,1
5,11/1/24,01,452,3,1,,3,,4,,1,2,,2,,2,2,2,,0,3,1,1,1,1,1,4,2,,,0,0,0,0,0,0,0,,0,0,0,0,0,0,0,0,0,0,0,,0,0,0,0,0,,0,0,0,0,,,,,,1
8,11/1/24,01,700,2,2,,3,,3,,3,2,,2,,2,1,,,0,4,1,1,1,1,2,,,,,0,0,0,0,0,0,0,,0,0,0,0,0,0,0,0,0,0,0,,0,0,0,0,0,,0,0,0,0,,,,,,1
8,11/1/24,01,150,2,2,,3,,3,,1,2,,2,,2,1,,,0,2,2,1,1,2,2,,,,,0,0,0,0,0,0,0,,0,0,0,0,0,0,0,0,0,0,0,,0,0,0,0,0,,0,0,0,0,,,,,,1
6,11/2/24,01,148,2,99,Triplay,3,,3,,1,2,,2,,2,2,21,,0,3,1,1,1,1,2,,,,,0,0,0,0,0,0,0,,0,0,0,0,0,0,0,0,0,0,0,,0,0,0,0,0,,0,0,0,0,,,,,,1
2,11/2/24,01,107,3,1,,3,,3,,2,99,Pozo artesiano,2,,1,1,,,0,2,1,1,1,3,2,,,,,0,0,0,0,0,0,0,,0,0,0,0,0,0,0,0,0,0,0,,0,0,0,0,0,,0,0,0,0,,,,,,1
9,11/2/24,01,137,3,2,,3,,3,,1,2,,2,,1,1,,,0,2,3,1,1,3,2,,,,,0,0,0,0,0,0,0,,0,0,0,0,0,0,0,0,0,0,0,,0,0,0,0,0,,0,0,0,0,,,,,,1
9,11/2/24,01,470,3,2,,3,,3,,1,2,,2,,2,2,2,,0,2,2,1,1,2,2,,,,,0,0,0,0,0,0,0,,0,0,0,0,0,0,0,0,0,0,0,,0,0,0,0,0,,0,0,0,0,,,,,,1
9,11/2/24,01,487,3,2,,3,,1,,1,2,,2,,1,2,5,,0,1,2,1,1,2,2,,,,,0,0,0,0,0,0,0,,0,0,0,0,0,0,0,0,0,0,0,,0,0,0,0,0,,0,0,0,0,,,,,,2
,,,,,,,,,,,,,,,,,,,,,,,,,,,,,,,,,,,,,,,,,,,,,,,,,,,,,,,,,,,,,,,,,,
,,,,,,,,,,,,,,,,,,,,,,,,,,,,,,,,,,,,,,,,,,,,,,,,,,,,,,,,,,,,,,,,,,
,,,,,,,,,,,,,,,,,,,,,,,,,,,,,,,,,,,,,,,,,,,,,,,,,,,,,,,,,,,,,,,,,,
4,11/2/24,01,483,3,2,,3,,2,,1,5,,1,,2,2,3,,0,1,3,2,,,2,,,,,0,0,0,0,0,0,0,,0,0,0,0,0,0,0,0,0,0,0,,0,0,0,0,0,,0,0,0,0,,,,,,1
,,,,,,,,,,,,,,,,,,,,,,,,,,,,,,,,,,,,,,,,,,,,,,,,,,,,,,,,,,,,,,,,,,
,,,,,,,,,,,,,,,,,,,,,,,,,,,,,,,,,,,,,,,,,,,,,,,,,,,,,,,,,,,,,,,,,,
,,,,,,,,,,,,,,,,,,,,,,,,,,,,,,,,,,,,,,,,,,,,,,,,,,,,,,,,,,,,,,,,,,
4,11/2/24,01,463,3,2,,3,,1,,3,2,,2,,2,2,6,,3,0,,2,,,2,,,,,0,0,0,0,0,0,0,,0,0,0,0,0,0,0,0,0,0,0,,0,0,0,0,0,,0,0,0,0,,,,,,1
,,,,,,,,,,,,,,,,,,,,,,,,,,,,,,,,,,,,,,,,,,,,,,,,,,,,,,,,,,,,,,,,,,
,,,,,,,,,,,,,,,,,,,,,,,,,,,,,,,,,,,,,,,,,,,,,,,,,,,,,,,,,,,,,,,,,,
,,,,,,,,,,,,,,,,,,,,,,,,,,,,,,,,,,,,,,,,,,,,,,,,,,,,,,,,,,,,,,,,,,
,,,,,,,,,,,,,,,,,,,,,,,,,,,,,,,0,0,0,0,0,0,0,,0,0,0,0,0,0,0,0,0,0,0,,0,0,0,0,0,,0,0,0,0,,,,,,0
,,,,,,,,,,,,,,,,,,,,,,,,,,,,,,,,,,,,,,,,,,,,,,,,,,,,,,,,,,,,,,,,,,
,,,,,,,,,,,,,,,,,,,,,,,,,,,,,,,,,,,,,,,,,,,,,,,,,,,,,,,,,,,,,,,,,,
,,,,,,,,,,,,,,,,,,,,,,,,,,,,,,,,,,,,,,,,,,,,,,,,,,,,,,,,,,,,,,,,,,
,,,,,,,,,,,,,,,,,,,,,,,,,,,,,,,0,0,0,0,0,0,0,,0,0,0,0,0,0,0,0,0,0,0,,0,0,0,0,0,,0,0,0,0,,,,,,0
10,11/2/24,01,467,3,2,,3,,2,,2,2,,2,,98,2,8,,0,2,98,1,98,,2,,,,,0,0,0,0,0,0,0,,0,0,0,0,0,0,0,0,0,0,0,,0,0,0,0,0,,0,0,0,0,,,,,,1
10,11/2/24,01,465,3,2,,3,,3,,1,2,,2,,1,3,,2,0,1,98,1,98,,2,,,,,0,0,0,0,0,0,0,,0,0,0,0,0,0,0,0,0,0,0,,0,0,0,0,0,,0,0,0,0,,,,,,1
8,11/2/24,01,146,2,2,,3,,1,,1,2,,2,,2,1,,,0,4,98,1,1,98,2,,,,,0,0,0,0,0,0,0,,0,0,0,0,0,0,0,0,0,0,0,,0,0,0,0,0,,0,0,0,0,,,,,,1
7,11/2/24,01,138,3,2,,3,,3,,1,2,,2,,1,2,4,,0,2,1,1,1,1,2,,,,,0,0,0,0,0,0,0,,0,0,0,0,0,0,0,0,0,0,0,,0,0,0,0,0,,0,0,0,0,,,,,,1
5,11/2/24,01,454,3,1,,3,,3,,3,2,,2,,2,2,3,,1,0,,1,,,1,3,1,7,Iquitos,0,0,0,1,0,0,0,,0,0,0,0,0,0,0,0,0,0,0,,0,0,1,0,0,,1,0,0,0,,1,,,,1
5,11/2/24,01,469,3,2,,3,,3,,2,2,,2,,2,2,5,,0,2,1,1,1,1,1,4,1,2,Iquitos,0,0,0,1,0,0,0,,0,0,0,0,0,0,0,0,0,0,0,,0,0,1,0,0,,1,0,0,0,,1,,,,1
,,,,,,,,,,,,,,,,,,,,,,,,,,,,,,,0,0,0,0,0,0,0,,0,0,0,0,0,0,0,0,0,0,0,,0,0,0,0,0,,0,0,0,0,,,,,,0
7,11/3/24,01,468,3,1,,3,,3,,6,2,,2,,98,2,8,,1,3,1,1,1,1,2,,,,,0,0,0,0,0,0,0,,0,0,0,0,0,0,0,0,0,0,0,,0,0,0,0,0,,0,0,0,0,,,,,,1
7,11/3/24,01,490,3,99,Calamina,3,,1,,1,3,,2,,1,2,12,,0,2,1,1,1,1,2,,,,,0,0,0,0,0,0,0,,0,0,0,0,0,0,0,0,0,0,0,,0,0,0,0,0,,0,0,0,0,,,,,,1
7,11/3/24,01,133,3,1,,3,,3,,2,2,,2,,1,2,16,,0,3,1,1,1,1,2,,,,,0,0,0,0,0,0,0,,0,0,0,0,0,0,0,0,0,0,0,,0,0,0,0,0,,0,0,0,0,,,,,,1
,,,,,,,,,,,,,,,,,,,,,,,,,,,,,,,0,0,0,0,0,0,0,,0,0,0,0,0,0,0,0,0,0,0,,0,0,0,0,0,,0,0,0,0,,,,,,0
6,11/3/24,01,130,2,99,Esteras,3,,3,,1,2,,2,,1,2,1,,2,0,,1,,,2,,,,,0,0,0,0,0,0,0,,0,0,0,0,0,0,0,0,0,0,0,,0,0,0,0,0,,0,0,0,0,,,,,,1
6,11/3/24,01,485,2,99,Estera,3,,1,,1,2,,2,,2,2,3,,1,2,1,1,1,1,2,,,,,0,0,0,0,0,0,0,,0,0,0,0,0,0,0,0,0,0,0,,0,0,0,0,0,,0,0,0,0,,,,,,1
4,11/3/24,01,131,3,2,,3,,2,,1,2,,2,,2,2,10,,1,0,,1,,,2,,,,,0,0,0,0,0,0,0,,0,0,0,0,0,0,0,0,0,0,0,,0,0,0,0,0,,0,0,0,0,,,,,,1
4,11/3/24,01,486,3,2,,3,,3,,4,2,,2,,2,1,,,0,2,1,2,,,2,,,,,0,0,0,0,0,0,0,,0,0,0,0,0,0,0,0,0,0,0,,0,0,0,0,0,,0,0,0,0,,,,,,1
10,11/3/24,01,489,3,1,,3,,1,,1,2,,2,,2,1,,,0,1,98,1,98,,2,,,,,0,0,0,0,0,0,0,,0,0,0,0,0,0,0,0,0,0,0,,0,0,0,0,0,,0,0,0,0,,,,,,1
10,11/3/24,01,488,3,2,,3,,1,,1,2,,2,,98,2,1,,0,2,2,1,1,2,2,,,,,0,0,0,0,0,0,0,,0,0,0,0,0,0,0,0,0,0,0,,0,0,0,0,0,,0,0,0,0,,,,,,1
,,,,,,,,,,,,,,,,,,,,,,,,,,,,,,,0,0,0,0,0,0,0,,0,0,0,0,0,0,0,0,0,0,0,,0,0,0,0,0,,0,0,0,0,,,,,,0
2,11/3/24,01,481,3,2,,3,,3,,3,99,Pozo artesiano,2,,2,2,20,,0,3,1,1,1,3,2,,,,,0,0,0,0,0,0,0,,0,0,0,0,0,0,0,0,0,0,0,,0,0,0,0,0,,0,0,0,0,,,,,,1
,,,,,,,,,,,,,,,,,,,,,,,,,,,,,,,0,0,0,0,0,0,0,,0,0,0,0,0,0,0,0,0,0,0,,0,0,0,0,0,,0,0,0,0,,,,,,0
9,11/3/24,01,124,3,1,,3,,3,,2,2,,2,,2,2,21,,0,4,2,1,1,3,2,,,,,0,0,0,0,0,0,0,,0,0,0,0,0,0,0,0,0,0,0,,0,0,0,0,0,,0,0,0,0,,,,,,1
,,,,,,,,,,,,,,,,,,,,,,,,,,,,,,,0,0,0,0,0,0,0,,0,0,0,0,0,0,0,0,0,0,0,,0,0,0,0,0,,0,0,0,0,,,,,,0
5,11/3/24,01,477,3,2,,3,,3,,1,2,,2,,1,2,3,,2,0,,1,,,1,20,2,,,0,0,0,0,0,0,0,,0,0,0,0,0,0,0,0,0,0,0,,0,0,0,0,0,,0,0,0,0,,,,,,1
5,11/3/24,01,471,3,2,,3,,2,,2,2,,2,,2,2,21,,0,3,1,1,1,1,1,1,2,,,0,0,0,0,0,0,0,,0,0,0,0,0,0,0,0,0,0,0,,0,0,0,0,0,,0,0,0,0,,,,,,1
5,11/3/24,01,480,3,2,,3,,3,,1,2,,1,,1,2,8,,0,3,1,1,1,1,1,4,2,,,0,0,0,0,0,0,0,,0,0,0,0,0,0,0,0,0,0,0,,0,0,0,0,0,,0,0,0,0,,,,,,1
8,11/3/24,01,132,2,2,,3,,1,,2,2,,2,,2,2,13,,0,2,98,1,1,98,2,,,,,0,0,0,0,0,0,0,,0,0,0,0,0,0,0,0,0,0,0,,0,0,0,0,0,,0,0,0,0,,,,,,1
8,11/3/24,01,478,3,1,,3,,3,,1,2,,2,,2,2,6,,0,2,2,1,1,98,2,,,,,0,0,0,0,0,0,0,,0,0,0,0,0,0,0,0,0,0,0,,0,0,0,0,0,,0,0,0,0,,,,,,1
6,11/4/24,01,178,2,99,Triplay,3,,3,,2,2,,2,,2,2,21,,1,5,1,1,1,1,2,,,,,0,0,0,0,0,0,0,,0,0,0,0,0,0,0,0,0,0,0,,0,0,0,0,0,,0,0,0,0,,,,,,1
,,,,,,,,,,,,,,,,,,,,,,,,,,,,,,,,,,,,,,,,,,,,,,,,,,,,,,,,,,,,,,,,,,
6,11/4/24,01,507,2,2,,3,,2,,1,2,,2,,2,1,,,1,0,,1,,,1,1,1,1,"Nauta, Iquitos",0,0,1,0,0,0,0,,0,0,0,0,0,0,0,0,0,0,0,,0,0,1,0,0,,1,0,0,0,,1,,,,1
6,11/4/24,01,512,1,2,,3,,2,,1,2,,1,,2,1,,,1,0,,1,,,2,,,,,0,0,0,0,0,0,0,,0,0,0,0,0,0,0,0,0,0,0,,0,0,0,0,0,,0,0,0,0,,,,,,1
10,11/4/24,01,179,3,2,,3,,3,,2,2,,2,,98,1,,,0,2,1,1,1,1,2,,,,,0,0,0,0,0,0,0,,0,0,0,0,0,0,0,0,0,0,0,,0,0,0,0,0,,0,0,0,0,,,,,,1
10,11/4/24,01,206,3,2,,3,,3,,3,2,,2,,98,1,,,0,3,1,1,1,1,2,,,,,0,0,0,0,0,0,0,,0,0,0,0,0,0,0,0,0,0,0,,0,0,0,0,0,,0,0,0,0,,,,,,1
10,11/4/24,01,207,3,1,,3,,3,,3,2,,2,,98,1,,,3,3,1,1,1,1,2,,,,,0,0,0,0,0,0,0,,0,0,0,0,0,0,0,0,0,0,0,,0,0,0,0,0,,0,0,0,0,,,,,,1
10,11/4/24,01,219,3,1,,3,,3,,3,2,,2,,98,1,,,0,3,1,1,1,1,1,7,1,6,Rio Nanay,1,0,0,0,0,0,0,,0,0,1,0,0,0,0,0,0,0,0,,1,0,0,0,0,,1,0,0,0,,1,,,,1
,,,,,,,,,,,,,,,,,,,,,,,,,,,,,,,0,0,0,0,0,0,0,,0,0,0,0,0,0,0,0,0,0,0,,0,0,0,0,0,,0,0,0,0,,,,,,0
9,11/4/24,01,173,3,2,,3,,1,,4,2,,2,,2,2,4,,0,4,3,1,1,3,2,,,,,0,0,0,0,0,0,0,,0,0,0,0,0,0,0,0,0,0,0,,0,0,0,0,0,,0,0,0,0,,,,,,1
9,11/4/24,01,193,3,1,,3,,3,,1,2,,2,,2,1,,,0,1,1,1,1,3,2,,,,,0,0,0,0,0,0,0,,0,0,0,0,0,0,0,0,0,0,0,,0,0,0,0,0,,0,0,0,0,,,,,,1
9,11/4/24,01,197,3,2,,3,,3,,1,2,,2,,2,2,1,,0,2,98,1,1,1,2,,,,,0,0,0,0,0,0,0,,0,0,0,0,0,0,0,0,0,0,0,,0,0,0,0,0,,0,0,0,0,,,,,,1
9,11/4/24,01,203,3,1,,3,,3,,1,2,,2,,2,1,,,0,1,98,1,1,1,2,,,,,0,0,0,0,0,0,0,,0,0,0,0,0,0,0,0,0,0,0,,0,0,0,0,0,,0,0,0,0,,,,,,1
,,,,,,,,,,,,,,,,,,,,,,,,,,,,,,,,,,,,,,,,,,,,,,,,,,,,,,,,,,,,,,,,,,
9,11/4/24,01,202,3,2,,3,,3,,1,2,,2,,2,3,,6,0,2,98,1,1,1,2,,,,,0,0,0,0,0,0,0,,0,0,0,0,0,0,0,0,0,0,0,,0,0,0,0,0,,0,0,0,0,,,,,,1
8,11/4/24,01,174,2,2,,3,,3,,1,2,,2,,2,2,18,,0,1,98,1,1,98,2,,,,,0,0,0,0,0,0,0,,0,0,0,0,0,0,0,0,0,0,0,,0,0,0,0,0,,0,0,0,0,,,,,,1
8,11/4/24,01,192,3,1,,3,,3,,2,2,,2,,2,2,7,,0,3,98,2,,,2,,,,,0,0,0,0,0,0,0,,0,0,0,0,0,0,0,0,0,0,0,,0,0,0,0,0,,0,0,0,0,,,,,,1
8,11/4/24,01,198,2,2,,3,,1,,1,2,,2,,2,3,,8,0,2,1,1,1,1,2,,,,,0,0,0,0,0,0,0,,0,0,0,0,0,0,0,0,0,0,0,,0,0,0,0,0,,0,0,0,0,,,,,,1
8,11/4/24,01,199,2,2,,3,,3,,3,2,,2,,98,2,5,,0,4,98,1,1,3,2,,,,,0,0,0,0,0,0,0,,0,0,0,0,0,0,0,0,0,0,0,,0,0,0,0,0,,0,0,0,0,,,,,,1
7,11/4/24,01,180,3,99,Triplay,3,,3,,1,2,,2,,1,2,21,,0,2,1,1,1,1,2,,,,,0,0,0,0,0,0,0,,0,0,0,0,0,0,0,0,0,0,0,,0,0,0,0,0,,0,0,0,0,,,,,,1
7,11/4/24,01,183,3,99,Triplay,3,,1,,2,2,,2,,1,1,,,3,2,1,1,2,,2,,,,,0,0,0,0,0,0,0,,0,0,0,0,0,0,0,0,0,0,0,,0,0,0,0,0,,0,0,0,0,,,,,,1
7,11/4/24,01,503,3,1,,1,,3,,3,3,,1,,2,2,1,,4,0,,1,,,2,,,,,0,0,0,0,0,0,0,,0,0,0,0,0,0,0,0,0,0,0,,0,0,0,0,0,,0,0,0,0,,,,,,1
7,11/4/24,01,493,3,99,Calamina,3,,1,,3,2,,1,,2,2,16,,0,5,1,1,1,1,2,,,,,0,0,0,0,0,0,0,,0,0,0,0,0,0,0,0,0,0,0,,0,0,0,0,0,,0,0,0,0,,,,,,1
7,11/4/24,01,209,3,1,,3,,3,,3,2,,2,,1,1,,,0,3,1,1,1,1,2,,,,,0,0,0,0,0,0,0,,0,0,0,0,0,0,0,0,0,0,0,,0,0,0,0,0,,0,0,0,0,,,,,,1
7,11/4/24,01,511,3,2,,3,,3,,2,2,,2,,1,1,,,0,3,1,1,1,1,2,,,,,0,0,0,0,0,0,0,,0,0,0,0,0,0,0,0,0,0,0,,0,0,0,0,0,,0,0,0,0,,,,,,1
2,11/4/24,01,495,3,1,,3,,4,,3,99,Pozo artesiano,2,,1,1,,,0,3,1,1,1,3,2,,,,,0,0,0,0,0,0,0,,0,0,0,0,0,0,0,0,0,0,0,,0,0,0,0,0,,0,0,0,0,,,,,,1
2,11/4/24,01,497,2,99,Tripley,3,,1,,3,99,Pozo artesiano,2,,1,2,21,,0,3,98,1,1,1,2,,,,,0,0,0,0,0,0,0,,0,0,0,0,0,0,0,0,0,0,0,,0,0,0,0,0,,0,0,0,0,,,,,,1
2,11/4/24,01,172,3,2,,3,,3,,2,99,De la posta,2,,2,2,2,,0,2,1,1,1,1,2,,,,,0,0,0,0,0,0,0,,0,0,0,0,0,0,0,0,0,0,0,,0,0,0,0,0,,0,0,0,0,,,,,,1
2,11/4/24,01,181,3,99,Ladrillo y tripley,3,,1,,2,99,Pozo artesiano,2,,98,1,,,0,3,1,1,1,3,2,,,,,0,0,0,0,0,0,0,,0,0,0,0,0,0,0,0,0,0,0,,0,0,0,0,0,,0,0,0,0,,,,,,1
5,11/4/24,01,494,3,1,,3,,3,,1,1,,2,,2,3,,1,1,0,,1,,,1,20,2,,,0,0,0,0,0,0,0,,0,0,0,0,0,0,0,0,0,0,0,,0,0,0,0,0,,0,0,0,0,,,,,,1
5,11/4/24,01,189,3,2,,3,,1,,2,2,,2,,2,2,20,,3,0,,1,,,2,,,,,0,0,0,0,0,0,0,,0,0,0,0,0,0,0,0,0,0,0,,0,0,0,0,0,,0,0,0,0,,,,,,1
5,11/4/24,01,195,3,2,,3,,1,,3,2,,2,,2,2,5,,1,3,1,1,1,1,1,5,2,,,0,0,0,0,0,0,0,,0,0,0,0,0,0,0,0,0,0,0,,0,0,0,0,0,,0,0,0,0,,,,,,1
5,11/4/24,01,182,3,2,,3,,3,,2,2,,2,,1,2,5,,0,4,1,1,1,1,1,1,2,,,0,0,0,0,0,0,0,,0,0,0,0,0,0,0,0,0,0,0,,0,0,0,0,0,,0,0,0,0,,,,,,1
4,11/4/24,01,156,3,1,,3,,3,,5,2,,2,,2,2,21,,0,6,1,1,1,3,2,,,,,0,0,0,0,0,0,0,,0,0,0,0,0,0,0,0,0,0,0,,0,0,0,0,0,,0,0,0,0,,,,,,1
4,11/4/24,01,141,3,2,,1,,1,,2,2,,2,,2,2,20,,0,3,1,1,1,1,2,,,,,0,0,0,0,0,0,0,,0,0,0,0,0,0,0,0,0,0,0,,0,0,0,0,0,,0,0,0,0,,,,,,1
4,11/4/24,01,155,3,1,,3,,1,,2,2,,2,,2,1,,,2,3,1,2,,,2,,,,,0,0,0,0,0,0,0,,0,0,0,0,0,0,0,0,0,0,0,,0,0,0,0,0,,0,0,0,0,,,,,,1
4,11/4/24,01,210,3,1,,1,,3,,3,2,,2,,2,1,,,0,2,1,1,1,1,2,,,,,0,0,0,0,0,0,0,,0,0,0,0,0,0,0,0,0,0,0,,0,0,0,0,0,,0,0,0,0,,,,,,1
6,11/6/24,01,524,2,99,Triplay,3,,3,,1,2,,1,,2,2,1,,1,0,,1,,,1,1,1,14,"Palmeras, Bajo Amazonas",0,0,1,0,0,0,0,,0,0,0,0,0,0,0,0,0,0,0,,1,0,0,0,0,,1,0,0,0,,1,,,,1
6,11/6/24,01,521,3,99,Tabla,3,,3,,4,2,,2,,2,2,17,,0,4,1,1,1,1,2,,,,,0,0,0,0,0,0,0,,0,0,0,0,0,0,0,0,0,0,0,,0,0,0,0,0,,0,0,0,0,,,,,,1
,,,,,,,,,,,,,,,,,,,,,,,,,,,,,,,,,,,,,,,,,,,,,,,,,,,,,,,,,,,,,,,,,,
8,11/6/24,01,229,3,1,,3,,3,,2,2,,2,,2,2,21,,0,2,2,1,1,3,2,,,,,0,0,0,0,0,0,0,,0,0,0,0,0,0,0,0,0,0,0,,0,0,0,0,0,,0,0,0,0,,,,,,1
8,11/6/24,01,520,3,1,,3,,3,,2,2,,2,,2,2,21,,0,2,2,1,1,3,2,,,,,0,0,0,0,0,0,0,,0,0,0,0,0,0,0,0,0,0,0,,0,0,0,0,0,,0,0,0,0,,,,,,1
8,11/6/24,01,242,3,1,,3,,3,,2,2,,2,,2,1,,,0,1,1,1,1,3,2,,,,,0,0,0,0,0,0,0,,0,0,0,0,0,0,0,0,0,0,0,,0,0,0,0,0,,0,0,0,0,,,,,,1
2,11/6/24,01,461,2,99,Esteras,3,,1,,1,1,,2,,1,2,10,,1,0,,1,,,2,,,,,0,0,0,0,0,0,0,,0,0,0,0,0,0,0,0,0,0,0,,0,0,0,0,0,,0,0,0,0,,,,,,1
2,11/6/24,01,460,3,2,,3,,3,,2,99,Pozo artesiano,2,,2,2,6,,0,3,2,1,1,3,2,,,,,0,0,0,0,0,0,0,,0,0,0,0,0,0,0,0,0,0,0,,0,0,0,0,0,,0,0,0,0,,,,,,1
9,11/6/24,01,227,3,1,,3,,3,,2,2,,2,,2,2,5,,2,0,,1,,,2,,,,,0,0,0,0,0,0,0,,0,0,0,0,0,0,0,0,0,0,0,,0,0,0,0,0,,0,0,0,0,,,,,,1
9,11/6/24,01,519,3,1,,3,,3,,3,2,,2,,2,1,,,0,3,3,1,1,3,2,,,,,0,0,0,0,0,0,0,,0,0,0,0,0,0,0,0,0,0,0,,0,0,0,0,0,,0,0,0,0,,,,,,1
4,11/6/24,01,226,3,2,,3,,3,,1,2,,2,,2,2,8,,0,2,1,1,1,3,2,,,,,0,0,0,0,0,0,0,,0,0,0,0,0,0,0,0,0,0,0,,0,0,0,0,0,,0,0,0,0,,,,,,1
4,11/6/24,01,224,3,1,,3,,3,,3,2,,2,,2,2,5,,4,0,,1,,,2,,,,,0,0,0,0,0,0,0,,0,0,0,0,0,0,0,0,0,0,0,,0,0,0,0,0,,0,0,0,0,,,,,,1
7,11/6/24,01,230,3,2,,3,,3,,4,2,,2,,2,1,,,5,0,,1,,,2,,,,,0,0,0,0,0,0,0,,0,0,0,0,0,0,0,0,0,0,0,,0,0,0,0,0,,0,0,0,0,,,,,,1
7,11/6/24,01,221,3,1,,3,,3,,2,2,,2,,1,2,15,,3,2,1,1,2,,2,,,,,0,0,0,0,0,0,0,,0,0,0,0,0,0,0,0,0,0,0,,0,0,0,0,0,,0,0,0,0,,,,,,1
10,11/6/24,01,518,3,2,,3,,3,,3,2,,2,,2,2,16,,0,3,1,1,1,1,2,,,,,0,0,0,0,0,0,0,,0,0,0,0,0,0,0,0,0,0,0,,0,0,0,0,0,,0,0,0,0,,,,,,1
10,11/6/24,01,522,3,2,,3,,3,,3,2,,2,,1,2,7,,0,2,1,1,1,1,2,,,,,0,0,0,0,0,0,0,,0,0,0,0,0,0,0,0,0,0,0,,0,0,0,0,0,,0,0,0,0,,,,,,1
5,11/6/24,01,509,3,2,,3,,3,,3,2,,2,,1,2,21,,0,3,2,1,1,2,1,4,2,,,0,0,0,0,0,0,0,,0,0,0,0,0,0,0,0,0,0,0,,0,0,0,0,0,,0,0,0,0,,,,,,1
5,11/6/24,01,510,3,1,,3,,3,,1,5,,2,,1,2,2,,1,1,1,1,1,1,2,,,,,0,0,0,0,0,0,0,,0,0,0,0,0,0,0,0,0,0,0,,0,0,0,0,0,,0,0,0,0,,,,,,1
6,11/7/24,01,231,3,99,Madera,3,,3,,2,2,,2,,1,2,21,,0,3,1,1,1,1,2,,,,,0,0,0,0,0,0,0,,0,0,0,0,0,0,0,0,0,0,0,,0,0,0,0,0,,0,0,0,0,,,,,,1
,,,,,,,,,,,,,,,,,,,,,,,,,,,,,,,,,,,,,,,,,,,,,,,,,,,,,,,,,,,,,,,,,,
,,,,,,,,,,,,,,,,,,,,,,,,,,,,,,,,,,,,,,,,,,,,,,,,,,,,,,,,,,,,,,,,,,
,,,,,,,,,,,,,,,,,,,,,,,,,,,,,,,,,,,,,,,,,,,,,,,,,,,,,,,,,,,,,,,,,,
,,,,,,,,,,,,,,,,,,,,,,,,,,,,,,,,,,,,,,,,,,,,,,,,,,,,,,,,,,,,,,,,,,
,,,,,,,,,,,,,,,,,,,,,,,,,,,,,,,,,,,,,,,,,,,,,,,,,,,,,,,,,,,,,,,,,,
,,,,,,,,,,,,,,,,,,,,,,,,,,,,,,,,,,,,,,,,,,,,,,,,,,,,,,,,,,,,,,,,,,
,,,,,,,,,,,,,,,,,,,,,,,,,,,,,,,,,,,,,,,,,,,,,,,,,,,,,,,,,,,,,,,,,,
,,,,,,,,,,,,,,,,,,,,,,,,,,,,,,,,,,,,,,,,,,,,,,,,,,,,,,,,,,,,,,,,,,
,,,,,,,,,,,,,,,,,,,,,,,,,,,,,,,,,,,,,,,,,,,,,,,,,,,,,,,,,,,,,,,,,,
,,,,,,,,,,,,,,,,,,,,,,,,,,,,,,,,,,,,,,,,,,,,,,,,,,,,,,,,,,,,,,,,,,
,,,,,,,,,,,,,,,,,,,,,,,,,,,,,,,,,,,,,,,,,,,,,,,,,,,,,,,,,,,,,,,,,,
,,,,,,,,,,,,,,,,,,,,,,,,,,,,,,,,,,,,,,,,,,,,,,,,,,,,,,,,,,,,,,,,,,
6,11/7/24,01,266,3,99,Maderq,3,,3,,1,2,,2,,1,2,10,,0,2,1,1,1,1,2,,,,,0,0,0,0,0,0,0,,0,0,0,0,0,0,0,0,0,0,0,,0,0,0,0,0,,0,0,0,0,,,,,,1
,,,,,,,,,,,,,,,,,,,,,,,,,,,,,,,,,,,,,,,,,,,,,,,,,,,,,,,,,,,,,,,,,,
,,,,,,,,,,,,,,,,,,,,,,,,,,,,,,,,,,,,,,,,,,,,,,,,,,,,,,,,,,,,,,,,,,
,,,,,,,,,,,,,,,,,,,,,,,,,,,,,,,,,,,,,,,,,,,,,,,,,,,,,,,,,,,,,,,,,,
,,,,,,,,,,,,,,,,,,,,,,,,,,,,,,,,,,,,,,,,,,,,,,,,,,,,,,,,,,,,,,,,,,
,,,,,,,,,,,,,,,,,,,,,,,,,,,,,,,,,,,,,,,,,,,,,,,,,,,,,,,,,,,,,,,,,,
,,,,,,,,,,,,,,,,,,,,,,,,,,,,,,,,,,,,,,,,,,,,,,,,,,,,,,,,,,,,,,,,,,
,,,,,,,,,,,,,,,,,,,,,,,,,,,,,,,,,,,,,,,,,,,,,,,,,,,,,,,,,,,,,,,,,,
,,,,,,,,,,,,,,,,,,,,,,,,,,,,,,,,,,,,,,,,,,,,,,,,,,,,,,,,,,,,,,,,,,
,,,,,,,,,,,,,,,,,,,,,,,,,,,,,,,,,,,,,,,,,,,,,,,,,,,,,,,,,,,,,,,,,,
,,,,,,,,,,,,,,,,,,,,,,,,,,,,,,,,,,,,,,,,,,,,,,,,,,,,,,,,,,,,,,,,,,
,,,,,,,,,,,,,,,,,,,,,,,,,,,,,,,,,,,,,,,,,,,,,,,,,,,,,,,,,,,,,,,,,,
,,,,,,,,,,,,,,,,,,,,,,,,,,,,,,,,,,,,,,,,,,,,,,,,,,,,,,,,,,,,,,,,,,
6,11/7/24,01,265,3,1,,3,,3,,2,2,,2,,1,2,4,,0,3,1,1,1,1,2,,,,,0,0,0,0,0,0,0,,0,0,0,0,0,0,0,0,0,0,0,,0,0,0,0,0,,0,0,0,0,,,,,,1
,,,,,,,,,,,,,,,,,,,,,,,,,,,,,,,,,,,,,,,,,,,,,,,,,,,,,,,,,,,,,,,,,,
,,,,,,,,,,,,,,,,,,,,,,,,,,,,,,,,,,,,,,,,,,,,,,,,,,,,,,,,,,,,,,,,,,
,,,,,,,,,,,,,,,,,,,,,,,,,,,,,,,,,,,,,,,,,,,,,,,,,,,,,,,,,,,,,,,,,,
,,,,,,,,,,,,,,,,,,,,,,,,,,,,,,,,,,,,,,,,,,,,,,,,,,,,,,,,,,,,,,,,,,
,,,,,,,,,,,,,,,,,,,,,,,,,,,,,,,,,,,,,,,,,,,,,,,,,,,,,,,,,,,,,,,,,,
,,,,,,,,,,,,,,,,,,,,,,,,,,,,,,,,,,,,,,,,,,,,,,,,,,,,,,,,,,,,,,,,,,
,,,,,,,,,,,,,,,,,,,,,,,,,,,,,,,,,,,,,,,,,,,,,,,,,,,,,,,,,,,,,,,,,,
,,,,,,,,,,,,,,,,,,,,,,,,,,,,,,,,,,,,,,,,,,,,,,,,,,,,,,,,,,,,,,,,,,
,,,,,,,,,,,,,,,,,,,,,,,,,,,,,,,,,,,,,,,,,,,,,,,,,,,,,,,,,,,,,,,,,,
,,,,,,,,,,,,,,,,,,,,,,,,,,,,,,,,,,,,,,,,,,,,,,,,,,,,,,,,,,,,,,,,,,
,,,,,,,,,,,,,,,,,,,,,,,,,,,,,,,,,,,,,,,,,,,,,,,,,,,,,,,,,,,,,,,,,,
,,,,,,,,,,,,,,,,,,,,,,,,,,,,,,,,,,,,,,,,,,,,,,,,,,,,,,,,,,,,,,,,,,
9,11/7/24,01,523,3,1,,3,,3,,2,2,,2,,2,2,7,,0,3,3,1,1,3,2,,,,,0,0,0,0,0,0,0,,0,0,0,0,0,0,0,0,0,0,0,,0,0,0,0,0,,0,0,0,0,,,,,,1
9,11/7/24,01,538,3,2,,3,,1,,1,2,,2,,2,3,,2,0,1,98,1,1,98,2,,,,,0,0,0,0,0,0,0,,0,0,0,0,0,0,0,0,0,0,0,,0,0,0,0,0,,0,0,0,0,,,,,,1
,,,,,,,,,,,,,,,,,,,,,,,,,,,,,,,0,0,0,0,0,0,0,,0,0,0,0,0,0,0,0,0,0,0,,0,0,0,0,0,,0,0,0,0,,,,,,0
2,11/7/24,01,528,3,1,,3,,3,,2,99,Pozo artesiano,2,,1,1,,,0,1,1,1,1,3,2,,,,,0,0,0,0,0,0,0,,0,0,0,0,0,0,0,0,0,0,0,,0,0,0,0,0,,0,0,0,0,,,,,,1
2,11/7/24,01,264,3,1,,3,,3,,2,99,Pozo artesiano,2,,1,2,8,,0,2,1,1,1,3,2,,,,,0,0,0,0,0,0,0,,0,0,0,0,0,0,0,0,0,0,0,,0,0,0,0,0,,0,0,0,0,,,,,,1
2,11/7/24,01,473,2,2,,3,,3,,2,99,De la casa de su mamá,2,,1,1,,,1,3,1,1,2,,2,,,,,0,0,0,0,0,0,0,,0,0,0,0,0,0,0,0,0,0,0,,0,0,0,0,0,,0,0,0,0,,,,,,1
,,,,,,,,,,,,,,,,,,,,,,,,,,,,,,,,,,,,,,,,,,,,,,,,,,,,,,,,,,,,,,,,,,
2,11/7/24,01,499,2,2,,3,,3,,2,99,Pozo artesiano,2,,1,1,,,0,2,1,1,1,3,2,,,,,0,0,0,0,0,0,0,,0,0,0,0,0,0,0,0,0,0,0,,0,0,0,0,0,,0,0,0,0,,,,,,1
4,11/7/24,01,527,3,1,,3,,3,,3,2,,2,,2,2,15,,0,2,2,1,1,2,2,,,,,0,0,0,0,0,0,0,,0,0,0,0,0,0,0,0,0,0,0,,0,0,0,0,0,,0,0,0,0,,,,,,1
4,11/7/24,01,530,3,1,,3,,3,,3,2,,2,,2,2,13,,2,1,1,1,1,1,2,,,,,0,0,0,0,0,0,0,,0,0,0,0,0,0,0,0,0,0,0,,0,0,0,0,0,,0,0,0,0,,,,,,1
4,11/7/24,01,533,3,2,,3,,1,,2,2,,2,,2,2,4,,0,2,1,1,1,2,2,,,,,0,0,0,0,0,0,0,,0,0,0,0,0,0,0,0,0,0,0,,0,0,0,0,0,,0,0,0,0,,,,,,1
,,,,,,,,,,,,,,,,,,,,,,,,,,,,,,,,,,,,,,,,,,,,,,,,,,,,,,,,,,,,,,,,,,
4,11/7/24,01,536,3,2,,3,,1,,2,2,,1,,2,2,2,,1,1,1,1,1,2,2,,,,,0,0,0,0,0,0,0,,0,0,0,0,0,0,0,0,0,0,0,,0,0,0,0,0,,0,0,0,0,,,,,,1
,,,,,,,,,,,,,,,,,,,,,,,,,,,,,,,0,0,0,0,0,0,0,,0,0,0,0,0,0,0,0,0,0,0,,0,0,0,0,0,,0,0,0,0,,,,,,0
,,,,,,,,,,,,,,,,,,,,,,,,,,,,,,,0,0,0,0,0,0,0,,0,0,0,0,0,0,0,0,0,0,0,,0,0,0,0,0,,0,0,0,0,,,,,,0
,,,,,,,,,,,,,,,,,,,,,,,,,,,,,,,0,0,0,0,0,0,0,,0,0,0,0,0,0,0,0,0,0,0,,0,0,0,0,0,,0,0,0,0,,,,,,0
5,11/7/24,01,241,3,1,,3,,3,,4,2,,2,,1,2,21,,2,2,1,1,1,1,1,5,2,,,0,0,0,0,0,0,0,,0,0,0,0,0,0,0,0,0,0,0,,0,0,0,0,0,,0,0,0,0,,,,,,1
5,11/7/24,01,205,3,2,,3,,2,,3,2,,2,,1,2,21,,5,4,1,1,1,1,1,3,2,,,0,0,0,0,0,0,0,,0,0,0,0,0,0,0,0,0,0,0,,0,0,0,0,0,,0,0,0,0,,,,,,1
10,11/7/24,01,243,3,2,,3,,3,,2,2,,2,,2,1,,,0,3,1,1,1,1,2,,,,,0,0,0,0,0,0,0,,0,0,0,0,0,0,0,0,0,0,0,,0,0,0,0,0,,0,0,0,0,,,,,,1
10,11/7/24,01,244,3,1,,3,,3,,2,2,,2,,2,1,,,0,2,1,1,1,1,2,,,,,0,0,0,0,0,0,0,,0,0,0,0,0,0,0,0,0,0,0,,0,0,0,0,0,,0,0,0,0,,,,,,1
10,11/7/24,01,280,3,2,,3,,1,,2,2,,1,,2,2,3,,0,2,1,1,1,1,2,,,,,0,0,0,0,0,0,0,,0,0,0,0,0,0,0,0,0,0,0,,0,0,0,0,0,,0,0,0,0,,,,,,1
10,11/7/24,01,279,3,2,,3,,3,,1,2,,1,,2,2,10,,0,1,1,1,1,1,2,,,,,0,0,0,0,0,0,0,,0,0,0,0,0,0,0,0,0,0,0,,0,0,0,0,0,,0,0,0,0,,,,,,1
10,11/7/24,01,245,3,2,,3,,99,Cemento,5,2,,2,,2,1,,,0,4,1,1,1,1,2,,,,,0,0,0,0,0,0,0,,0,0,0,0,0,0,0,0,0,0,0,,0,0,0,0,0,,0,0,0,0,,,,,,1
,,,,,,,,,,,,,,,,,,,,,,,,,,,,,,,0,0,0,0,0,0,0,,0,0,0,0,0,0,0,0,0,0,0,,0,0,0,0,0,,0,0,0,0,,,,,,0
7,11/7/24,01,263,3,2,,3,,3,,1,2,,2,,1,1,,,0,3,1,1,1,1,2,,,,,0,0,0,0,0,0,0,,0,0,0,0,0,0,0,0,0,0,0,,0,0,0,0,0,,0,0,0,0,,,,,,1
,,,,,,,,,,,,,,,,,,,,,,,,,,,,,,,0,0,0,0,0,0,0,,0,0,0,0,0,0,0,0,0,0,0,,0,0,0,0,0,,0,0,0,0,,,,,,0
,,,,,,,,,,,,,,,,,,,,,,,,,,,,,,,0,0,0,0,0,0,0,,0,0,0,0,0,0,0,0,0,0,0,,0,0,0,0,0,,0,0,0,0,,,,,,0
,,,,,,,,,,,,,,,,,,,,,,,,,,,,,,,0,0,0,0,0,0,0,,0,0,0,0,0,0,0,0,0,0,0,,0,0,0,0,0,,0,0,0,0,,,,,,0
,,,,,,,,,,,,,,,,,,,,,,,,,,,,,,,0,0,0,0,0,0,0,,0,0,0,0,0,0,0,0,0,0,0,,0,0,0,0,0,,0,0,0,0,,,,,,0
8,11/7/24,01,259,2,2,,3,,3,,1,2,,2,,2,2,3,,0,1,98,1,1,3,2,,,,,0,0,0,0,0,0,0,,0,0,0,0,0,0,0,0,0,0,0,,0,0,0,0,0,,0,0,0,0,,,,,,1
8,11/7/24,01,258,2,2,,3,,2,,1,2,,2,,2,2,21,,0,3,98,1,1,98,2,,,,,0,0,0,0,0,0,0,,0,0,0,0,0,0,0,0,0,0,0,,0,0,0,0,0,,0,0,0,0,,,,,,1
8,11/7/24,01,537,2,2,,3,,3,,2,2,,2,,2,2,1,,0,1,1,1,1,2,2,,,,,0,0,0,0,0,0,0,,0,0,0,0,0,0,0,0,0,0,0,,0,0,0,0,0,,0,0,0,0,,,,,,1
8,11/8/24,01,547,3,2,,3,,3,,1,2,,2,,2,1,,,0,2,1,1,1,3,2,,,,,0,0,0,0,0,0,0,,0,0,0,0,0,0,0,0,0,0,0,,0,0,0,0,0,,0,0,0,0,,,,,,1
8,11/8/24,01,548,3,2,,3,,3,,1,2,,2,,2,1,,,1,0,,1,,,1,15,2,,,0,0,0,0,0,0,0,,0,0,0,0,0,0,0,0,0,0,0,,0,0,0,0,0,,0,0,0,0,,,,,,1
8,11/8/24,01,543,3,2,,3,,3,,4,2,,2,,2,1,,,0,4,1,1,1,1,2,,,,,0,0,0,0,0,0,0,,0,0,0,0,0,0,0,0,0,0,0,,0,0,0,0,0,,0,0,0,0,,,,,,1
10,11/8/24,01,552,3,2,,3,,3,,1,2,,2,,2,2,10,,0,1,1,1,1,1,2,,,,,0,0,0,0,0,0,0,,0,0,0,0,0,0,0,0,0,0,0,,0,0,0,0,0,,0,0,0,0,,,,,,1
10,11/8/24,01,555,3,2,,3,,3,,2,2,,1,,98,1,,,0,3,1,1,1,1,2,,,,,0,0,0,0,0,0,0,,0,0,0,0,0,0,0,0,0,0,0,,0,0,0,0,0,,0,0,0,0,,,,,,1
10,11/8/24,01,568,3,2,,3,,1,,4,2,,2,,2,2,11,,0,5,1,1,1,1,2,,,,,0,0,0,0,0,0,0,,0,0,0,0,0,0,0,0,0,0,0,,0,0,0,0,0,,0,0,0,0,,,,,,1
2,11/8/24,01,214,3,99,Fibro cemento,3,,3,,2,99,Pozo artesiano,2,,1,1,,,1,2,1,1,2,,2,,,,,0,0,0,0,0,0,0,,0,0,0,0,0,0,0,0,0,0,0,,0,0,0,0,0,,0,0,0,0,,,,,,1
,,,,,,,,,,,,,,,,,,,,,,,,,,,,,,,,,,,,,,,,,,,,,,,,,,,,,,,,,,,,,,,,,,
,,,,,,,,,,,,,,,,,,,,,,,,,,,,,,,,,,,,,,,,,,,,,,,,,,,,,,,,,,,,,,,,,,
,,,,,,,,,,,,,,,,,,,,,,,,,,,,,,,,,,,,,,,,,,,,,,,,,,,,,,,,,,,,,,,,,,
,,,,,,,,,,,,,,,,,,,,,,,,,,,,,,,,,,,,,,,,,,,,,,,,,,,,,,,,,,,,,,,,,,
,,,,,,,,,,,,,,,,,,,,,,,,,,,,,,,,,,,,,,,,,,,,,,,,,,,,,,,,,,,,,,,,,,
,,,,,,,,,,,,,,,,,,,,,,,,,,,,,,,,,,,,,,,,,,,,,,,,,,,,,,,,,,,,,,,,,,
,,,,,,,,,,,,,,,,,,,,,,,,,,,,,,,,,,,,,,,,,,,,,,,,,,,,,,,,,,,,,,,,,,
,,,,,,,,,,,,,,,,,,,,,,,,,,,,,,,,,,,,,,,,,,,,,,,,,,,,,,,,,,,,,,,,,,
,,,,,,,,,,,,,,,,,,,,,,,,,,,,,,,,,,,,,,,,,,,,,,,,,,,,,,,,,,,,,,,,,,
,,,,,,,,,,,,,,,,,,,,,,,,,,,,,,,,,,,,,,,,,,,,,,,,,,,,,,,,,,,,,,,,,,
,,,,,,,,,,,,,,,,,,,,,,,,,,,,,,,,,,,,,,,,,,,,,,,,,,,,,,,,,,,,,,,,,,
,,,,,,,,,,,,,,,,,,,,,,,,,,,,,,,,,,,,,,,,,,,,,,,,,,,,,,,,,,,,,,,,,,
2,11/8/24,01,145,3,99,Tripley,3,,1,,4,1,,1,,2,2,3,,0,4,1,1,1,3,2,,,,,0,0,0,0,0,0,0,,0,0,0,0,0,0,0,0,0,0,0,,0,0,0,0,0,,0,0,0,0,,,,,,1
,,,,,,,,,,,,,,,,,,,,,,,,,,,,,,,,,,,,,,,,,,,,,,,,,,,,,,,,,,,,,,,,,,
,,,,,,,,,,,,,,,,,,,,,,,,,,,,,,,,,,,,,,,,,,,,,,,,,,,,,,,,,,,,,,,,,,
,,,,,,,,,,,,,,,,,,,,,,,,,,,,,,,,,,,,,,,,,,,,,,,,,,,,,,,,,,,,,,,,,,
,,,,,,,,,,,,,,,,,,,,,,,,,,,,,,,,,,,,,,,,,,,,,,,,,,,,,,,,,,,,,,,,,,
,,,,,,,,,,,,,,,,,,,,,,,,,,,,,,,,,,,,,,,,,,,,,,,,,,,,,,,,,,,,,,,,,,
,,,,,,,,,,,,,,,,,,,,,,,,,,,,,,,,,,,,,,,,,,,,,,,,,,,,,,,,,,,,,,,,,,
,,,,,,,,,,,,,,,,,,,,,,,,,,,,,,,,,,,,,,,,,,,,,,,,,,,,,,,,,,,,,,,,,,
,,,,,,,,,,,,,,,,,,,,,,,,,,,,,,,,,,,,,,,,,,,,,,,,,,,,,,,,,,,,,,,,,,
,,,,,,,,,,,,,,,,,,,,,,,,,,,,,,,,,,,,,,,,,,,,,,,,,,,,,,,,,,,,,,,,,,
,,,,,,,,,,,,,,,,,,,,,,,,,,,,,,,,,,,,,,,,,,,,,,,,,,,,,,,,,,,,,,,,,,
,,,,,,,,,,,,,,,,,,,,,,,,,,,,,,,,,,,,,,,,,,,,,,,,,,,,,,,,,,,,,,,,,,
,,,,,,,,,,,,,,,,,,,,,,,,,,,,,,,,,,,,,,,,,,,,,,,,,,,,,,,,,,,,,,,,,,
4,11/8/24,01,500,3,2,,3,,1,,2,2,,2,,2,1,,,0,4,1,1,1,2,2,,,,,0,0,0,0,0,0,0,,0,0,0,0,0,0,0,0,0,0,0,,0,0,0,0,0,,0,0,0,0,,,,,,1
4,11/8/24,01,306,3,2,,3,,4,,2,2,,2,,2,2,2,,0,1,2,2,,,2,,,,,0,0,0,0,0,0,0,,0,0,0,0,0,0,0,0,0,0,0,,0,0,0,0,0,,0,0,0,0,,,,,,1
4,11/8/24,01,315,3,2,,3,,3,,2,,,1,,2,2,2,,0,1,2,1,1,2,2,,,,,0,0,0,0,0,0,0,,0,0,0,0,0,0,0,0,0,0,0,,0,0,0,0,0,,0,0,0,0,,,,,,1
6,11/8/24,01,285,2,2,,4,,2,,1,2,,2,,2,2,21,,0,1,1,1,1,1,2,,,,,0,0,0,0,0,0,0,,0,0,0,0,0,0,0,0,0,0,0,,0,0,0,0,0,,0,0,0,0,,,,,,1
6,11/8/24,01,248,3,1,,3,,3,,3,2,,2,,1,2,21,,1,0,,1,,,2,,,,,0,0,0,0,0,0,0,,0,0,0,0,0,0,0,0,0,0,0,,0,0,0,0,0,,0,0,0,0,,,,,,1
6,11/8/24,01,312,2,99,Esteras,3,,1,,1,2,,1,,2,2,3,,0,3,1,1,1,1,2,,,,,0,0,0,0,0,0,0,,0,0,0,0,0,0,0,0,0,0,0,,0,0,0,0,0,,0,0,0,0,,,,,,1
,,,,,,,,,,,,,,,,,,,,,,,,,,,,,,,0,0,0,0,0,0,0,,0,0,0,0,0,0,0,0,0,0,0,,0,0,0,0,0,,0,0,0,0,,,,,,0
5,11/8/24,01,702,3,2,,3,,3,,3,2,,2,,1,2,21,,0,3,1,1,1,1,1,4,2,,,0,0,0,0,0,0,0,,0,0,0,0,0,0,0,0,0,0,0,,0,0,0,0,0,,0,0,0,0,,,,,,1
5,11/8/24,01,561,3,2,,3,,1,,2,2,,2,,1,2,12,,7,0,,1,,,2,,,,,0,0,0,0,0,0,0,,0,0,0,0,0,0,0,0,0,0,0,,0,0,0,0,0,,0,0,0,0,,,,,,1
9,11/8/24,01,549,3,1,,3,,4,,1,2,,2,,1,2,1,,0,1,98,1,1,2,2,,,,,0,0,0,0,0,0,0,,0,0,0,0,0,0,0,0,0,0,0,,0,0,0,0,0,,0,0,0,0,,,,,,1
9,11/8/24,01,544,3,2,,3,,1,,2,2,,2,,1,1,,,0,2,1,1,1,3,2,,,,,0,0,0,0,0,0,0,,0,0,0,0,0,0,0,0,0,0,0,,0,0,0,0,0,,0,0,0,0,,,,,,1
9,11/8/24,01,560,3,2,,3,,1,,4,2,,2,,1,2,2,,4,0,,1,,,2,,,,,0,0,0,0,0,0,0,,0,0,0,0,0,0,0,0,0,0,0,,0,0,0,0,0,,0,0,0,0,,,,,,1
7,11/8/24,01,550,3,2,,3,,2,,1,2,,2,,2,2,2,,0,2,1,1,1,1,1,1,2,,,0,0,0,0,0,0,0,,0,0,0,0,0,0,0,0,0,0,0,,0,0,0,0,0,,0,0,0,0,,,,,,1
,,,,,,,,,,,,,,,,,,,,,,,,,,,,,,,0,0,0,0,0,0,0,,0,0,0,0,0,0,0,0,0,0,0,,0,0,0,0,0,,0,0,0,0,,,,,,0
7,11/8/24,01,534,3,99,Triplay,3,,1,,1,2,,1,,1,2,2,,0,3,1,1,1,1,2,,,,,0,0,0,0,0,0,0,,0,0,0,0,0,0,0,0,0,0,0,,0,0,0,0,0,,0,0,0,0,,,,,,1
7,11/8/24,01,314,2,2,,3,,2,,1,2,,1,,2,3,,4,0,5,1,1,1,1,2,,,,,0,0,0,0,0,0,0,,0,0,0,0,0,0,0,0,0,0,0,,0,0,0,0,0,,0,0,0,0,,,,,,1
8,11/9/24,01,290,2,2,,3,,3,,5,2,,2,,2,2,10,,0,4,98,1,1,98,2,,,,,0,0,0,0,0,0,0,,0,0,0,0,0,0,0,0,0,0,0,,0,0,0,0,0,,0,0,0,0,,,,,,1
8,11/9/24,01,292,3,1,,3,,3,,1,2,,2,,2,2,21,,0,2,98,1,1,98,2,,,,,0,0,0,0,0,0,0,,0,0,0,0,0,0,0,0,0,0,0,,0,0,0,0,0,,0,0,0,0,,,,,,1
8,11/9/24,01,329,2,1,,3,,3,,1,5,,1,,2,2,21,,0,4,98,1,1,98,2,,,,,0,0,0,0,0,0,0,,0,0,0,0,0,0,0,0,0,0,0,,0,0,0,0,0,,0,0,0,0,,,,,,1
10,11/9/24,01,559,2,2,,3,,3,,3,2,,1,,2,1,,,0,2,1,1,1,1,2,,,,,0,0,0,0,0,0,0,,0,0,0,0,0,0,0,0,0,0,0,,0,0,0,0,0,,0,0,0,0,,,,,,1
10,11/9/24,01,328,3,2,,3,,1,,1,2,,1,,2,2,18,,0,1,1,1,1,1,2,,,,,0,0,0,0,0,0,0,,0,0,0,0,0,0,0,0,0,0,0,,0,0,0,0,0,,0,0,0,0,,,,,,1
4,11/9/24,01,187,3,1,,3,,99,Cemento completo,3,2,,2,,2,2,20,,0,5,1,1,1,2,2,,,,,0,0,0,0,0,0,0,,0,0,0,0,0,0,0,0,0,0,0,,0,0,0,0,0,,0,0,0,0,,,,,,1
4,11/9/24,01,505,3,1,,3,,99,Cemento terminado,1,2,,2,,2,2,1,,2,1,1,1,2,,2,,,,,0,0,0,0,0,0,0,,0,0,0,0,0,0,0,0,0,0,0,,0,0,0,0,0,,0,0,0,0,,,,,,1
3,11/9/24,01,569,3,1,,3,,3,,3,99,Pozo artesiano,2,,1,1,,,0,3,1,1,1,3,2,,,,,0,0,0,0,0,0,0,,0,0,0,0,0,0,0,0,0,0,0,,0,0,0,0,0,,0,0,0,0,,,,,,1
2,11/9/24,01,570,2,2,,3,,2,,1,99,Pozo artesiano,2,,2,2,10,,1,0,,1,,,2,,,,,0,0,0,0,0,0,0,,0,0,0,0,0,0,0,0,0,0,0,,0,0,0,0,0,,0,0,0,0,,,,,,1
,,,,,,,,,,,,,,,,,,,,,,,,,,,,,,,0,0,0,0,0,0,0,,0,0,0,0,0,0,0,0,0,0,0,,0,0,0,0,0,,0,0,0,0,,,,,,0
6,11/9/24,01,580,2,1,,3,,99,Cemento,3,2,,2,,2,3,,1,1,1,1,1,1,1,2,,,,,0,0,0,0,0,0,0,,0,0,0,0,0,0,0,0,0,0,0,,0,0,0,0,0,,0,0,0,0,,,,,,1
6,11/9/24,01,515,2,99,Madera,3,,1,,2,5,,1,,2,2,17,,0,3,1,1,1,1,2,,,,,0,0,0,0,0,0,0,,0,0,0,0,0,0,0,0,0,0,0,,0,0,0,0,0,,0,0,0,0,,,,,,1
7,11/9/24,01,514,3,1,,3,,3,,2,2,,2,,2,1,,,0,2,1,1,1,1,2,,,,,0,0,0,0,0,0,0,,0,0,0,0,0,0,0,0,0,0,0,,0,0,0,0,0,,0,0,0,0,,,,,,1
9,11/9/24,01,297,3,2,,3,,3,,2,2,,2,,2,1,,,0,2,2,1,1,3,2,,,,,0,0,0,0,0,0,0,,0,0,0,0,0,0,0,0,0,0,0,,0,0,0,0,0,,0,0,0,0,,,,,,1
,,,,,,,,,,,,,,,,,,,,,,,,,,,,,,,0,0,0,0,0,0,0,,0,0,0,0,0,0,0,0,0,0,0,,0,0,0,0,0,,0,0,0,0,,,,,,0
,,,,,,,,,,,,,,,,,,,,,,,,,,,,,,,0,0,0,0,0,0,0,,0,0,0,0,0,0,0,0,0,0,0,,0,0,0,0,0,,0,0,0,0,,,,,,0
,,,,,,,,,,,,,,,,,,,,,,,,,,,,,,,0,0,0,0,0,0,0,,0,0,0,0,0,0,0,0,0,0,0,,0,0,0,0,0,,0,0,0,0,,,,,,0
9,11/9/24,01,581,3,1,,3,,3,,5,2,,2,,2,3,,5,0,5,98,1,1,1,2,,,,,0,0,0,0,0,0,0,,0,0,0,0,0,0,0,0,0,0,0,,0,0,0,0,0,,0,0,0,0,,,,,,1
5,11/9/24,01,558,3,2,,3,,2,,1,2,,3,5,2,1,,,0,2,2,1,1,2,1,4,2,,,0,0,0,0,0,0,0,,0,0,0,0,0,0,0,0,0,0,0,,0,0,0,0,0,,0,0,0,0,,,,,,1
,,,,,,,,,,,,,,,,,,,,,,,,,,,,,,,0,0,0,0,0,0,0,,0,0,0,0,0,0,0,0,0,0,0,,0,0,0,0,0,,0,0,0,0,,,,,,0
5,11/9/24,01,579,3,2,,3,,1,,1,2,,1,,1,2,10,,0,1,2,1,1,2,1,1,2,,,0,0,0,0,0,0,0,,0,0,0,0,0,0,0,0,0,0,0,,0,0,0,0,0,,0,0,0,0,,,,,,1
9,11/10/24,01,176,3,1,,3,,3,,3,2,,2,,2,1,,,0,4,2,1,1,3,2,,,,,0,0,0,0,0,0,0,,0,0,0,0,0,0,0,0,0,0,0,,0,0,0,0,0,,0,0,0,0,,,,,,1
9,11/10/24,01,201,3,2,,3,,3,,1,2,,2,,1,2,2,,0,2,2,1,1,2,2,,,,,0,0,0,0,0,0,0,,0,0,0,0,0,0,0,0,0,0,0,,0,0,0,0,0,,0,0,0,0,,,,,,1
3,11/10/24,01,331,2,99,Calamina y madera,3,,1,,1,1,,1,,2,2,6,,0,5,1,1,1,3,2,,,,,0,0,0,0,0,0,0,,0,0,0,0,0,0,0,0,0,0,0,,0,0,0,0,0,,0,0,0,0,,,,,,1
6,11/10/24,01,574,3,1,,3,,99,Cemento,2,2,,2,,2,2,3,,1,0,,1,,,2,,,,,0,0,0,0,0,0,0,,0,0,0,0,0,0,0,0,0,0,0,,0,0,0,0,0,,0,0,0,0,,,,,,1
6,11/10/24,01,587,2,1,,3,,99,Cemento,1,5,,1,,1,2,6,,0,3,1,1,1,1,2,,,,,0,0,0,0,0,0,0,,0,0,0,0,0,0,0,0,0,0,0,,0,0,0,0,0,,0,0,0,0,,,,,,1
6,11/10/24,01,589,3,1,,3,,1,,1,2,,1,,1,2,12,,0,1,2,1,1,2,2,,,,,0,0,0,0,0,0,0,,0,0,0,0,0,0,0,0,0,0,0,,0,0,0,0,0,,0,0,0,0,,,,,,1
10,11/10/24,01,588,2,2,,3,,1,,5,2,,2,,2,2,2,,0,5,1,1,1,1,2,,,,,0,0,0,0,0,0,0,,0,0,0,0,0,0,0,0,0,0,0,,0,0,0,0,0,,0,0,0,0,,,,,,1
7,11/10/24,01,584,3,99,Triplay,3,,1,,1,99,Pilon,1,,2,1,,,0,3,2,1,1,2,2,,,,,0,0,0,0,0,0,0,,0,0,0,0,0,0,0,0,0,0,0,,0,0,0,0,0,,0,0,0,0,,,,,,1
,,,,,,,,,,,,,,,,,,,,,,,,,,,,,,,0,0,0,0,0,0,0,,0,0,0,0,0,0,0,0,0,0,0,,0,0,0,0,0,,0,0,0,0,,,,,,0
5,11/10/24,01,299,3,1,,3,,3,,3,2,,2,,1,1,,,0,3,1,1,1,2,1,4,2,,,0,0,0,0,0,0,0,,0,0,0,0,0,0,0,0,0,0,0,,0,0,0,0,0,,0,0,0,0,,,,,,1
9,11/13/24,01,516,3,1,,3,,3,,2,2,,2,,2,3,,4,2,0,,1,,,2,,,,,0,0,0,0,0,0,0,,0,0,0,0,0,0,0,0,0,0,0,,0,0,0,0,0,,0,0,0,0,,,,,,1
2,11/13/24,01,106,3,99,Ladrillo y esteras,3,,3,,3,6,,2,,2,1,,,0,3,1,1,1,3,2,,,,,0,0,0,0,0,0,0,,0,0,0,0,0,0,0,0,0,0,0,,0,0,0,0,0,,0,0,0,0,,,,,,1
7,11/13/24,01,650,2,99,Calamina,3,,1,,1,2,,1,,2,2,12,,2,2,2,1,1,2,2,,,,,0,0,0,0,0,0,0,,0,0,0,0,0,0,0,0,0,0,0,,0,0,0,0,0,,0,0,0,0,,,,,,1
6,11/13/24,01,117,3,99,Madera,3,,3,,2,2,,2,,1,2,12,,2,0,,1,,,2,,,,,0,0,0,0,0,0,0,,0,0,0,0,0,0,0,0,0,0,0,,0,0,0,0,0,,0,0,0,0,,,,,,1
,,,,,,,,,,,,,,,,,,,,,,,,,,,,,,,0,0,0,0,0,0,0,,0,0,0,0,0,0,0,0,0,0,0,,0,0,0,0,0,,0,0,0,0,,,,,,0
8,11/13/24,01,459,2,6,,3,,1,,1,2,,1,,2,2,21,,1,0,,2,,,2,,,,,0,0,0,0,0,0,0,,0,0,0,0,0,0,0,0,0,0,0,,0,0,0,0,0,,0,0,0,0,,,,,,1
5,11/13/24,01,476,3,2,,3,,3,,1,2,,2,,2,2,1,,0,2,3,1,1,3,1,20,2,,,0,0,0,0,0,0,0,,0,0,0,0,0,0,0,0,0,0,0,,0,0,0,0,0,,0,0,0,0,,,,,,1
5,11/13/24,01,171,3,2,,3,,2,,2,2,,2,,1,1,,,0,2,1,1,1,1,2,,,,,0,0,0,0,0,0,0,,0,0,0,0,0,0,0,0,0,0,0,,0,0,0,0,0,,0,0,0,0,,,,,,1
4,11/13/24,01,498,3,2,,3,,3,,2,2,,2,,2,1,,,0,3,1,1,1,1,2,,,,,0,0,0,0,0,0,0,,0,0,0,0,0,0,0,0,0,0,0,,0,0,0,0,0,,0,0,0,0,,,,,,1
,,,,,,,,,,,,,,,,,,,,,,,,,,,,,,,,,,,,,,,,,,,,,,,,,,,,,,,,,,,,,,,,,,
,,,,,,,,,,,,,,,,,,,,,,,,,,,,,,,,,,,,,,,,,,,,,,,,,,,,,,,,,,,,,,,,,,
,,,,,,,,,,,,,,,,,,,,,,,,,,,,,,,,,,,,,,,,,,,,,,,,,,,,,,,,,,,,,,,,,,
,,,,,,,,,,,,,,,,,,,,,,,,,,,,,,,,,,,,,,,,,,,,,,,,,,,,,,,,,,,,,,,,,,
,,,,,,,,,,,,,,,,,,,,,,,,,,,,,,,,,,,,,,,,,,,,,,,,,,,,,,,,,,,,,,,,,,
,,,,,,,,,,,,,,,,,,,,,,,,,,,,,,,,,,,,,,,,,,,,,,,,,,,,,,,,,,,,,,,,,,
,,,,,,,,,,,,,,,,,,,,,,,,,,,,,,,,,,,,,,,,,,,,,,,,,,,,,,,,,,,,,,,,,,
,,,,,,,,,,,,,,,,,,,,,,,,,,,,,,,,,,,,,,,,,,,,,,,,,,,,,,,,,,,,,,,,,,
,,,,,,,,,,,,,,,,,,,,,,,,,,,,,,,,,,,,,,,,,,,,,,,,,,,,,,,,,,,,,,,,,,
,,,,,,,,,,,,,,,,,,,,,,,,,,,,,,,,,,,,,,,,,,,,,,,,,,,,,,,,,,,,,,,,,,
,,,,,,,,,,,,,,,,,,,,,,,,,,,,,,,,,,,,,,,,,,,,,,,,,,,,,,,,,,,,,,,,,,
,,,,,,,,,,,,,,,,,,,,,,,,,,,,,,,,,,,,,,,,,,,,,,,,,,,,,,,,,,,,,,,,,,
6,11/14/24,01,501,2,99,Madera,3,,3,,1,2,,2,,1,2,21,,1,1,1,1,1,1,2,,,,,0,0,0,0,0,0,0,,0,0,0,0,0,0,0,0,0,0,0,,0,0,0,0,0,,0,0,0,0,,,,,,1
6,11/14/24,01,211,3,1,,3,,1,,2,6,,2,,1,1,,,1,1,1,1,1,1,1,3,1,4,"Nauta,Loreto",1,0,0,0,0,0,0,,0,0,0,0,0,0,0,0,0,0,1,Asistente de campo,0,1,0,0,0,,0,0,1,0,,,,2,,1
4,11/14/24,01,513,3,99,Calamina,3,,1,,1,2,,2,,2,3,,1,1,0,,1,,,2,,,,,0,0,0,0,0,0,0,,0,0,0,0,0,0,0,0,0,0,0,,0,0,0,0,0,,0,0,0,0,,,,,,1
2,11/14/24,01,267,3,1,,3,,3,,2,1,,2,,1,1,,,0,3,1,1,1,3,2,,,,,0,0,0,0,0,0,0,,0,0,0,0,0,0,0,0,0,0,0,,0,0,0,0,0,,0,0,0,0,,,,,,1
,,,,,,,,,,,,,,,,,,,,,,,,,,,,,,,0,0,0,0,0,0,0,,0,0,0,0,0,0,0,0,0,0,0,,0,0,0,0,0,,0,0,0,0,,,,,,0
,,,,,,,,,,,,,,,,,,,,,,,,,,,,,,,0,0,0,0,0,0,0,,0,0,0,0,0,0,0,0,0,0,0,,0,0,0,0,0,,0,0,0,0,,,,,,0
9,11/14/24,01,576,3,2,,3,,2,,1,2,,2,,2,2,3,,0,4,2,1,1,2,2,,,,,0,0,0,0,0,0,0,,0,0,0,0,0,0,0,0,0,0,0,,0,0,0,0,0,,0,0,0,0,,,,,,1
9,11/14/24,01,651,3,2,,3,,1,,1,2,,2,,2,2,4,,1,0,,1,,,2,,,,,0,0,0,0,0,0,0,,0,0,0,0,0,0,0,0,0,0,0,,0,0,0,0,0,,0,0,0,0,,,,,,1
,,,,,,,,,,,,,,,,,,,,,,,,,,,,,,,0,0,0,0,0,0,0,,0,0,0,0,0,0,0,0,0,0,0,,0,0,0,0,0,,0,0,0,0,,,,,,0
,,,,,,,,,,,,,,,,,,,,,,,,,,,,,,,0,0,0,0,0,0,0,,0,0,0,0,0,0,0,0,0,0,0,,0,0,0,0,0,,0,0,0,0,,,,,,0
,,,,,,,,,,,,,,,,,,,,,,,,,,,,,,,0,0,0,0,0,0,0,,0,0,0,0,0,0,0,0,0,0,0,,0,0,0,0,0,,0,0,0,0,,,,,,0
,,,,,,,,,,,,,,,,,,,,,,,,,,,,,,,0,0,0,0,0,0,0,,0,0,0,0,0,0,0,0,0,0,0,,0,0,0,0,0,,0,0,0,0,,,,,,0
,,,,,,,,,,,,,,,,,,,,,,,,,,,,,,,0,0,0,0,0,0,0,,0,0,0,0,0,0,0,0,0,0,0,,0,0,0,0,0,,0,0,0,0,,,,,,0
5,11/14/24,01,218,3,2,,3,,2,,2,2,,1,,1,2,18,,0,2,1,1,1,1,2,,,,,0,0,0,0,0,0,0,,0,0,0,0,0,0,0,0,0,0,0,,0,0,0,0,0,,0,0,0,0,,,,,,1
,,,,,,,,,,,,,,,,,,,,,,,,,,,,,,,0,0,0,0,0,0,0,,0,0,0,0,0,0,0,0,0,0,0,,0,0,0,0,0,,0,0,0,0,,,,,,0
,,,,,,,,,,,,,,,,,,,,,,,,,,,,,,,0,0,0,0,0,0,0,,0,0,0,0,0,0,0,0,0,0,0,,0,0,0,0,0,,0,0,0,0,,,,,,0
7,11/14/24,01,235,3,6,,3,,1,,2,6,,2,,2,1,,,0,4,2,1,1,2,1,3,1,3,Alto amazonas,0,0,0,0,0,0,1,Predicar el evangelio,0,0,0,0,0,0,0,0,0,0,0,,0,0,0,0,1,Rápido,0,1,0,0,,,2,,,1
,,,,,,,,,,,,,,,,,,,,,,,,,,,,,,,0,0,0,0,0,0,0,,0,0,0,0,0,0,0,0,0,0,0,,0,0,0,0,0,,0,0,0,0,,,,,,0
,,,,,,,,,,,,,,,,,,,,,,,,,,,,,,,0,0,0,0,0,0,0,,0,0,0,0,0,0,0,0,0,0,0,,0,0,0,0,0,,0,0,0,0,,,,,,0
,,,,,,,,,,,,,,,,,,,,,,,,,,,,,,,0,0,0,0,0,0,0,,0,0,0,0,0,0,0,0,0,0,0,,0,0,0,0,0,,0,0,0,0,,,,,,0
,,,,,,,,,,,,,,,,,,,,,,,,,,,,,,,0,0,0,0,0,0,0,,0,0,0,0,0,0,0,0,0,0,0,,0,0,0,0,0,,0,0,0,0,,,,,,0
,,,,,,,,,,,,,,,,,,,,,,,,,,,,,,,0,0,0,0,0,0,0,,0,0,0,0,0,0,0,0,0,0,0,,0,0,0,0,0,,0,0,0,0,,,,,,0
,,,,,,,,,,,,,,,,,,,,,,,,,,,,,,,0,0,0,0,0,0,0,,0,0,0,0,0,0,0,0,0,0,0,,0,0,0,0,0,,0,0,0,0,,,,,,0
,,,,,,,,,,,,,,,,,,,,,,,,,,,,,,,0,0,0,0,0,0,0,,0,0,0,0,0,0,0,0,0,0,0,,0,0,0,0,0,,0,0,0,0,,,,,,0
10,11/14/24,01,601,3,2,,3,,3,,1,2,,2,,2,2,3,,0,1,1,1,1,1,2,,,,,0,0,0,0,0,0,0,,0,0,0,0,0,0,0,0,0,0,0,,0,0,0,0,0,,0,0,0,0,,,,,,1
10,11/14/24,01,268,2,2,,3,,1,,2,2,,2,,2,2,3,,0,4,1,1,1,1,2,,,,,0,0,0,0,0,0,0,,0,0,0,0,0,0,0,0,0,0,0,,0,0,0,0,0,,0,0,0,0,,,,,,1
,,,,,,,,,,,,,,,,,,,,,,,,,,,,,,,0,0,0,0,0,0,0,,0,0,0,0,0,0,0,0,0,0,0,,0,0,0,0,0,,0,0,0,0,,,,,,0
,,,,,,,,,,,,,,,,,,,,,,,,,,,,,,,0,0,0,0,0,0,0,,0,0,0,0,0,0,0,0,0,0,0,,0,0,0,0,0,,0,0,0,0,,,,,,0
,,,,,,,,,,,,,,,,,,,,,,,,,,,,,,,0,0,0,0,0,0,0,,0,0,0,0,0,0,0,0,0,0,0,,0,0,0,0,0,,0,0,0,0,,,,,,0
,,,,,,,,,,,,,,,,,,,,,,,,,,,,,,,0,0,0,0,0,0,0,,0,0,0,0,0,0,0,0,0,0,0,,0,0,0,0,0,,0,0,0,0,,,,,,0
,,,,,,,,,,,,,,,,,,,,,,,,,,,,,,,0,0,0,0,0,0,0,,0,0,0,0,0,0,0,0,0,0,0,,0,0,0,0,0,,0,0,0,0,,,,,,0
,,,,,,,,,,,,,,,,,,,,,,,,,,,,,,,0,0,0,0,0,0,0,,0,0,0,0,0,0,0,0,0,0,0,,0,0,0,0,0,,0,0,0,0,,,,,,0
,,,,,,,,,,,,,,,,,,,,,,,,,,,,,,,0,0,0,0,0,0,0,,0,0,0,0,0,0,0,0,0,0,0,,0,0,0,0,0,,0,0,0,0,,,,,,0
,,,,,,,,,,,,,,,,,,,,,,,,,,,,,,,0,0,0,0,0,0,0,,0,0,0,0,0,0,0,0,0,0,0,,0,0,0,0,0,,0,0,0,0,,,,,,0
8,11/14/24,01,482,2,6,,3,,3,,1,2,,1,,2,2,3,,0,2,98,1,1,98,2,,,,,0,0,0,0,0,0,0,,0,0,0,0,0,0,0,0,0,0,0,,0,0,0,0,0,,0,0,0,0,,,,,,1
,,,,,,,,,,,,,,,,,,,,,,,,,,,,,,,0,0,0,0,0,0,0,,0,0,0,0,0,0,0,0,0,0,0,,0,0,0,0,0,,0,0,0,0,,,,,,0
,,,,,,,,,,,,,,,,,,,,,,,,,,,,,,,0,0,0,0,0,0,0,,0,0,0,0,0,0,0,0,0,0,0,,0,0,0,0,0,,0,0,0,0,,,,,,0
,,,,,,,,,,,,,,,,,,,,,,,,,,,,,,,0,0,0,0,0,0,0,,0,0,0,0,0,0,0,0,0,0,0,,0,0,0,0,0,,0,0,0,0,,,,,,0
,,,,,,,,,,,,,,,,,,,,,,,,,,,,,,,0,0,0,0,0,0,0,,0,0,0,0,0,0,0,0,0,0,0,,0,0,0,0,0,,0,0,0,0,,,,,,0
8,11/14/24,01,213,3,2,,3,,1,,1,2,,2,,2,2,18,,3,0,,1,,,2,,,,,0,0,0,0,0,0,0,,0,0,0,0,0,0,0,0,0,0,0,,0,0,0,0,0,,0,0,0,0,,,,,,1
9,11/18/24,15,102,3,2,,3,,2,,7,2,,2,,2,1,,,0,4,2,1,1,3,2,,,,,0,0,0,0,0,0,0,,0,0,0,0,0,0,0,0,0,0,0,,0,0,0,0,0,,0,0,0,0,,,,,,1
9,11/18/24,15,451,3,2,,3,,2,,2,2,,2,,2,2,1,,0,2,1,1,1,1,2,,,,,0,0,0,0,0,0,0,,0,0,0,0,0,0,0,0,0,0,0,,0,0,0,0,0,,0,0,0,0,,,,,,1
2,11/18/24,15,109,3,1,,3,,3,,2,4,,2,,1,2,21,,2,0,,1,,,2,,,,,0,0,0,0,0,0,0,,0,0,0,0,0,0,0,0,0,0,0,,0,0,0,0,0,,0,0,0,0,,,,,,1
2,11/18/24,15,600,2,6,,3,,3,,1,4,,2,,2,2,2,,1,1,2,1,1,3,2,,,,,0,0,0,0,0,0,0,,0,0,0,0,0,0,0,0,0,0,0,,0,0,0,0,0,,0,0,0,0,,,,,,1
6,11/18/24,15,101,2,6,,3,,1,,2,2,,1,,2,3,,1,3,1,1,1,2,,2,,,,,0,0,0,0,0,0,0,,0,0,0,0,0,0,0,0,0,0,0,,0,0,0,0,0,,0,0,0,0,,,,,,1
6,11/18/24,15,452,2,99,Madera,3,,1,,2,4,,2,,2,2,11,,1,4,1,1,2,,2,,,,,0,0,0,0,0,0,0,,0,0,0,0,0,0,0,0,0,0,0,,0,0,0,0,0,,0,0,0,0,,,,,,1
7,11/18/24,15,111,3,1,,3,,3,,4,99,Compran agua,2,,2,1,,,0,0,,,,,2,,,,,0,0,0,0,0,0,0,,0,0,0,0,0,0,0,0,0,0,0,,0,0,0,0,0,,0,0,0,0,,,,,,1
7,11/18/24,15,122,3,2,,3,,3,,2,4,,2,,2,2,15,,0,2,2,1,1,2,2,,,,,0,0,0,0,0,0,0,,0,0,0,0,0,0,0,0,0,0,0,,0,0,0,0,0,,0,0,0,0,,,,,,1
8,11/18/24,15,450,3,1,,3,,3,,3,4,,2,,2,1,,,3,0,,1,,,2,,,,,0,0,0,0,0,0,0,,0,0,0,0,0,0,0,0,0,0,0,,0,0,0,0,0,,0,0,0,0,,,,,,1
8,11/18/24,15,121,2,2,,3,,3,,3,4,,2,,2,2,21,,0,1,2,1,1,3,2,,,,,0,0,0,0,0,0,0,,0,0,0,0,0,0,0,0,0,0,0,,0,0,0,0,0,,0,0,0,0,,,,,,1
4,11/18/24,15,107,3,1,,3,,99,Cemento completo,3,2,,2,,2,2,21,,1,1,2,1,1,2,2,,,,,0,0,0,0,0,0,0,,0,0,0,0,0,0,0,0,0,0,0,,0,0,0,0,0,,0,0,0,0,,,,,,1
4,11/18/24,15,113,3,1,,3,,3,,3,5,,2,,2,2,7,,3,0,,1,,,2,,,,,0,0,0,0,0,0,0,,0,0,0,0,0,0,0,0,0,0,0,,0,0,0,0,0,,0,0,0,0,,,,,,1
,,,,,,,,,,,,,,,,,,,,,,,,,,,,,,,0,0,0,0,0,0,0,,0,0,0,0,0,0,0,0,0,0,0,,0,0,0,0,0,,0,0,0,0,,,,,,0
10,11/18/24,15,105,3,1,,3,,3,,2,2,,2,,2,1,,,0,2,2,1,1,2,2,,,,,0,0,0,0,0,0,0,,0,0,0,0,0,0,0,0,0,0,0,,0,0,0,0,0,,0,0,0,0,,,,,,1
10,11/18/24,15,118,3,2,,3,,2,,2,2,,2,,2,1,,,0,2,2,1,1,2,2,,,,,0,0,0,0,0,0,0,,0,0,0,0,0,0,0,0,0,0,0,,0,0,0,0,0,,0,0,0,0,,,,,,1
5,11/18/24,15,104,3,1,,3,,4,,2,2,,2,,2,2,2,,1,1,1,1,2,,1,8,2,,,0,0,0,0,0,0,0,,0,0,0,0,0,0,0,0,0,0,0,,0,0,0,0,0,,0,0,0,0,,,,,,1
5,11/18/24,15,114,3,1,,3,,3,,2,2,,2,,2,2,21,,0,1,2,1,1,2,1,2,2,,,0,0,0,0,0,0,0,,0,0,0,0,0,0,0,0,0,0,0,,0,0,0,0,0,,0,0,0,0,,,,,,1