autonum,redcap_event_name,redcap_repeat_instrument,redcap_repeat_instance,appr_comm_id,appr_hh_code,appr_hh_yn,appr_hh_not,appr_hh_not_other,appr_n_accpt,appr_n_rfs,appr_rfs_rsn_1,appr_rfs_rsn_other_1,appr_rfs_rsn_2,appr_rfs_rsn_other_2,appr_rfs_rsn_3,appr_rfs_rsn_other_3,appr_rfs_rsn_4,appr_rfs_rsn_other_4,appr_rfs_rsn_5,appr_rfs_rsn_other_5,appr_rfs_rsn_6,appr_rfs_rsn_other_6,appr_rfs_rsn_7,appr_rfs_rsn_other_7,appr_rfs_rsn_8,appr_rfs_rsn_other_8,appr_rfs_rsn_9,appr_rfs_rsn_other_9,appr_rfs_rsn_10,appr_rfs_rsn_other_10
1,baseline_visit_arm_1,,,22,106,,,,,,,,,,,,,,,,,,,,,,,,,
2,baseline_visit_arm_1,,,22,113,,,,,,,,,,,,,,,,,,,,,,,,,
3,baseline_visit_arm_1,,,22,109,,,,,,,,,,,,,,,,,,,,,,,,,
4,baseline_visit_arm_1,,,22,575,,,,,,,,,,,,,,,,,,,,,,,,,
5,baseline_visit_arm_1,,,22,119,,,,,,,,,,,,,,,,,,,,,,,,,
6,baseline_visit_arm_1,,,22,117,,,,,,,,,,,,,,,,,,,,,,,,,
7,baseline_visit_arm_1,,,22,101,,,,,,,,,,,,,,,,,,,,,,,,,
8,baseline_visit_arm_1,,,22,450,,,,,,,,,,,,,,,,,,,,,,,,,
9,baseline_visit_arm_1,,,22,108,,,,,,,,,,,,,,,,,,,,,,,,,
10,baseline_visit_arm_1,,,22,107,,,,,,,,,,,,,,,,,,,,,,,,,
11,baseline_visit_arm_1,,,22,111,,,,,,,,,,,,,,,,,,,,,,,,,
12,baseline_visit_arm_1,,,22,112,,,,,,,,,,,,,,,,,,,,,,,,,
13,baseline_visit_arm_1,,,22,102,,,,,,,,,,,,,,,,,,,,,,,,,
14,baseline_visit_arm_1,,,22,103,,,,,,,,,,,,,,,,,,,,,,,,,
15,baseline_visit_arm_1,,,22,105,,,,,,,,,,,,,,,,,,,,,,,,,
16,baseline_visit_arm_1,,,22,120,,,,,,,,,,,,,,,,,,,,,,,,,
17,baseline_visit_arm_1,,,22,121,,,,,,,,,,,,,,,,,,,,,,,,,
18,baseline_visit_arm_1,,,22,850,,,,,,,,,,,,,,,,,,,,,,,,,
19,baseline_visit_arm_1,,,22,851,,,,,,,,,,,,,,,,,,,,,,,,,
20,baseline_visit_arm_1,,,13,169,,,,2,1,,,,,,,,,,,,,,,,,,,,
21,baseline_visit_arm_1,,,13,150,,,,3,1,,,,,,,,,,,,,,,,,,,,
22,baseline_visit_arm_1,,,13,128,,,,2,3,,,,,,,,,,,,,,,,,,,,
23,baseline_visit_arm_1,,,13,160,,,,1,2,,,,,,,,,,,,,,,,,,,,
24,baseline_visit_arm_1,,,13,144,,,,2,2,,,,,,,,,,,,,,,,,,,,
25,baseline_visit_arm_1,,,13,129,,,,2,1,,,,,,,,,,,,,,,,,,,,
26,baseline_visit_arm_1,,,13,450,,,,1,5,,,,,,,,,,,,,,,,,,,,
27,baseline_visit_arm_1,,,13,142,,,,0,3,,,,,,,,,,,,,,,,,,,,
28,baseline_visit_arm_1,,,13,137,,,,0,3,,,,,,,,,,,,,,,,,,,,
29,baseline_visit_arm_1,,,13,131,,,,5,0,,,,,,,,,,,,,,,,,,,,
30,baseline_visit_arm_1,,,13,153,,,,0,7,,,,,,,,,,,,,,,,,,,,
31,baseline_visit_arm_1,,,13,167,,,,1,4,,,,,,,,,,,,,,,,,,,,
32,baseline_visit_arm_1,,,13,120,,,,1,2,,,,,,,,,,,,,,,,,,,,
33,baseline_visit_arm_1,,,13,104,,,,2,1,,,,,,,,,,,,,,,,,,,,
34,baseline_visit_arm_1,,,13,155,,,,2,5,,,,,,,,,,,,,,,,,,,,
35,baseline_visit_arm_1,,,13,166,,,,1,0,,,,,,,,,,,,,,,,,,,,
36,baseline_visit_arm_1,,,13,162,,,,3,2,,,,,,,,,,,,,,,,,,,,
37,baseline_visit_arm_1,,,13,130,,,,3,1,,,,,,,,,,,,,,,,,,,,
38,baseline_visit_arm_1,,,13,154,,,,0,6,,,,,,,,,,,,,,,,,,,,
39,baseline_visit_arm_1,,,13,139,,,,1,2,,,,,,,,,,,,,,,,,,,,
40,baseline_visit_arm_1,,,13,152,,,,2,1,,,,,,,,,,,,,,,,,,,,
41,baseline_visit_arm_1,,,13,136,,,,0,7,,,,,,,,,,,,,,,,,,,,
42,baseline_visit_arm_1,,,13,132,,,,2,0,,,,,,,,,,,,,,,,,,,,
43,baseline_visit_arm_1,,,13,141,,,,1,1,,,,,,,,,,,,,,,,,,,,
44,baseline_visit_arm_1,,,13,149,,,,3,4,,,,,,,,,,,,,,,,,,,,
45,baseline_visit_arm_1,,,13,127,,,,3,4,,,,,,,,,,,,,,,,,,,,
46,baseline_visit_arm_1,,,13,168,,,,01,02,,,,,,,,,,,,,,,,,,,,
47,baseline_visit_arm_1,,,13,148,,,,5,1,,,,,,,,,,,,,,,,,,,,
48,baseline_visit_arm_1,,,13,153,,,,1,5,,,,,,,,,,,,,,,,,,,,
49,baseline_visit_arm_1,,,13,151,,,,1,5,,,,,,,,,,,,,,,,,,,,
50,baseline_visit_arm_1,,,13,105,,,,3,3,,,,,,,,,,,,,,,,,,,,
51,baseline_visit_arm_1,,,13,111,,,,2,0,,,,,,,,,,,,,,,,,,,,
52,baseline_visit_arm_1,,,13,124,,,,1,2,,,,,,,,,,,,,,,,,,,,
53,baseline_visit_arm_1,,,13,114,,,,2,0,,,,,,,,,,,,,,,,,,,,
54,baseline_visit_arm_1,,,13,118,,,,1,0,,,,,,,,,,,,,,,,,,,,
55,baseline_visit_arm_1,,,13,134,,,,4,1,,,,,,,,,,,,,,,,,,,,
56,baseline_visit_arm_1,,,13,146,,,,1,0,,,,,,,,,,,,,,,,,,,,
57,baseline_visit_arm_1,,,13,110,,,,3,0,,,,,,,,,,,,,,,,,,,,
58,baseline_visit_arm_1,,,13,115,,,,5,4,,,,,,,,,,,,,,,,,,,,
59,baseline_visit_arm_1,,,13,123,,,,2,0,,,,,,,,,,,,,,,,,,,,
60,baseline_visit_arm_1,,,13,126,,,,5,0,,,,,,,,,,,,,,,,,,,,
61,baseline_visit_arm_1,,,13,145,,,,3,0,,,,,,,,,,,,,,,,,,,,
62,baseline_visit_arm_1,,,13,106,,,,2,0,,,,,,,,,,,,,,,,,,,,
63,baseline_visit_arm_1,,,13,116,,,,5,2,,,,,,,,,,,,,,,,,,,,
64,baseline_visit_arm_1,,,13,451,,,,1,0,,,,,,,,,,,,,,,,,,,,
65,baseline_visit_arm_1,,,13,122,,,,3,1,,,,,,,,,,,,,,,,,,,,
66,baseline_visit_arm_1,,,13,121,,,,1,5,,,,,,,,,,,,,,,,,,,,
67,baseline_visit_arm_1,,,13,119,,,,3,2,,,,,,,,,,,,,,,,,,,,
68,baseline_visit_arm_1,,,13,112,,,,5,0,,,,,,,,,,,,,,,,,,,,
69,baseline_visit_arm_1,,,13,113,,,,3,0,,,,,,,,,,,,,,,,,,,,
70,baseline_visit_arm_1,,,13,400,,,,2,0,,,,,,,,,,,,,,,,,,,,
72,baseline_visit_arm_1,,,13,108,,,,3,3,,,,,,,,,,,,,,,,,,,,
73,baseline_visit_arm_1,,,13,107,,,,5,0,,,,,,,,,,,,,,,,,,,,
74,baseline_visit_arm_1,,,13,103,,,,1,1,,,,,,,,,,,,,,,,,,,,
75,baseline_visit_arm_1,,,13,125,,,,1,4,,,,,,,,,,,,,,,,,,,,
76,baseline_visit_arm_1,,,13,101,,,,5,1,,,,,,,,,,,,,,,,,,,,
77,baseline_visit_arm_1,,,02,286,,,,2,2,,,,,,,,,,,,,,,,,,,,
78,baseline_visit_arm_1,,,02,288,,,,1,5,,,,,,,,,,,,,,,,,,,,
79,baseline_visit_arm_1,,,02,478,,,,1,3,,,,,,,,,,,,,,,,,,,,
80,baseline_visit_arm_1,,,02,277,,,,1,2,,,,,,,,,,,,,,,,,,,,
81,baseline_visit_arm_1,,,02,477,,,,1,6,,,,,,,,,,,,,,,,,,,,
82,baseline_visit_arm_1,,,02,294,,,,1,2,,,,,,,,,,,,,,,,,,,,
83,baseline_visit_arm_1,,,02,287,,,,3,5,,,,,,,,,,,,,,,,,,,,
84,baseline_visit_arm_1,,,02,476,,,,4,1,,,,,,,,,,,,,,,,,,,,
85,baseline_visit_arm_1,,,02,289,,,,4,3,,,,,,,,,,,,,,,,,,,,
86,baseline_visit_arm_1,,,02,278,,,,1,5,,,,,,,,,,,,,,,,,,,,
87,baseline_visit_arm_1,,,02,291,,,,3,3,,,,,,,,,,,,,,,,,,,,
88,baseline_visit_arm_1,,,02,316,,,,1,3,,,,,,,,,,,,,,,,,,,,
89,baseline_visit_arm_1,,,02,310,,,,2,1,,,,,,,,,,,,,,,,,,,,
90,baseline_visit_arm_1,,,02,308,,,,04,03,,,,,,,,,,,,,,,,,,,,
91,baseline_visit_arm_1,,,02,309,,,,1,1,,,,,,,,,,,,,,,,,,,,
92,baseline_visit_arm_1,,,02,295,,,,2,2,,,,,,,,,,,,,,,,,,,,
93,baseline_visit_arm_1,,,02,314,,,,2,0,,,,,,,,,,,,,,,,,,,,
94,baseline_visit_arm_1,,,02,313,,,,3,2,,,,,,,,,,,,,,,,,,,,
95,baseline_visit_arm_1,,,02,481,,,,4,0,,,,,,,,,,,,,,,,,,,,
96,baseline_visit_arm_1,,,02,300,,,,3,0,,,,,,,,,,,,,,,,,,,,
97,baseline_visit_arm_1,,,02,305,,,,2,3,,,,,,,,,,,,,,,,,,,,
98,baseline_visit_arm_1,,,02,480,,,,3,2,,,,,,,,,,,,,,,,,,,,
99,baseline_visit_arm_1,,,02,293,,,,4,0,,,,,,,,,,,,,,,,,,,,
100,baseline_visit_arm_1,,,02,307,,,,2,2,,,,,,,,,,,,,,,,,,,,
101,baseline_visit_arm_1,,,02,292,,,,2,1,,,,,,,,,,,,,,,,,,,,
102,baseline_visit_arm_1,,,02,484,,,,2,2,,,,,,,,,,,,,,,,,,,,
103,baseline_visit_arm_1,,,02,301,,,,5,1,,,,,,,,,,,,,,,,,,,,
104,baseline_visit_arm_1,,,02,296,,,,5,0,,,,,,,,,,,,,,,,,,,,
105,baseline_visit_arm_1,,,02,299,,,,7,3,,,,,,,,,,,,,,,,,,,,
106,baseline_visit_arm_1,,,02,304,,,,3,7,,,,,,,,,,,,,,,,,,,,
107,baseline_visit_arm_1,,,02,315,,,,5,0,,,,,,,,,,,,,,,,,,,,
108,baseline_visit_arm_1,,,02,271,,,,2,1,,,,,,,,,,,,,,,,,,,,
109,baseline_visit_arm_1,,,02,257,,,,2,2,,,,,,,,,,,,,,,,,,,,
110,baseline_visit_arm_1,,,02,495,,,,0,2,,,,,,,,,,,,,,,,,,,,
111,baseline_visit_arm_1,,,02,185,,,,4,3,,,,,,,,,,,,,,,,,,,,
112,baseline_visit_arm_1,,,02,189,,,,3,0,,,,,,,,,,,,,,,,,,,,
113,baseline_visit_arm_1,,,02,269,,,,2,0,,,,,,,,,,,,,,,,,,,,
114,baseline_visit_arm_1,,,02,259,,,,5,0,,,,,,,,,,,,,,,,,,,,
115,baseline_visit_arm_1,,,02,400,,,,1,2,,,,,,,,,,,,,,,,,,,,
116,baseline_visit_arm_1,,,02,498,,,,1,0,,,,,,,,,,,,,,,,,,,,
117,baseline_visit_arm_1,,,02,256,,,,1,1,,,,,,,,,,,,,,,,,,,,
118,baseline_visit_arm_1,,,02,248,,,,2,0,,,,,,,,,,,,,,,,,,,,
119,baseline_visit_arm_1,,,02,204,,,,4,3,,,,,,,,,,,,,,,,,,,,
120,baseline_visit_arm_1,,,02,501,,,,0,5,,,,,,,,,,,,,,,,,,,,
121,baseline_visit_arm_1,,,02,510,,,,2,0,,,,,,,,,,,,,,,,,,,,
122,baseline_visit_arm_1,,,02,197,,,,1,4,,,,,,,,,,,,,,,,,,,,
124,baseline_visit_arm_1,,,02,485,,,,0,1,,,,,,,,,,,,,,,,,,,,
125,baseline_visit_arm_1,,,02,207,,,,0,2,,,,,,,,,,,,,,,,,,,,
126,baseline_visit_arm_1,,,02,202,,,,1,5,,,,,,,,,,,,,,,,,,,,
127,baseline_visit_arm_1,,,02,496,,,,1,0,,,,,,,,,,,,,,,,,,,,
128,baseline_visit_arm_1,,,02,497,,,,4,1,,,,,,,,,,,,,,,,,,,,
129,baseline_visit_arm_1,,,02,258,,,,1,0,,,,,,,,,,,,,,,,,,,,
130,baseline_visit_arm_1,,,02,215,,,,2,1,,,,,,,,,,,,,,,,,,,,
131,baseline_visit_arm_1,,,02,267,,,,1,2,,,,,,,,,,,,,,,,,,,,
132,baseline_visit_arm_1,,,02,182,,,,4,1,,,,,,,,,,,,,,,,,,,,
133,baseline_visit_arm_1,,,02,192,,,,4,0,,,,,,,,,,,,,,,,,,,,
134,baseline_visit_arm_1,,,02,272,,,,2,1,,,,,,,,,,,,,,,,,,,,
135,baseline_visit_arm_1,,,02,704,,,,3,2,,,,,,,,,,,,,,,,,,,,
136,baseline_visit_arm_1,,,02,186,,,,6,0,,,,,,,,,,,,,,,,,,,,
138,baseline_visit_arm_1,,,02,452,,,,3,0,,,,,,,,,,,,,,,,,,,,
139,baseline_visit_arm_1,,,02,180,,,,6,0,,,,,,,,,,,,,,,,,,,,
140,baseline_visit_arm_1,,,02,265,,,,2,6,,,,,,,,,,,,,,,,,,,,
141,baseline_visit_arm_1,,,02,262,,,,2,1,,,,,,,,,,,,,,,,,,,,
143,baseline_visit_arm_1,,,02,179,,,,5,0,,,,,,,,,,,,,,,,,,,,
144,baseline_visit_arm_1,,,02,188,,,,2,2,,,,,,,,,,,,,,,,,,,,
146,baseline_visit_arm_1,,,02,165,,,,1,2,,,,,,,,,,,,,,,,,,,,
147,baseline_visit_arm_1,,,02,175,,,,3,3,,,,,,,,,,,,,,,,,,,,
148,baseline_visit_arm_1,,,02,494,,,,2,3,,,,,,,,,,,,,,,,,,,,
149,baseline_visit_arm_1,,,02,264,,,,2,5,,,,,,,,,,,,,,,,,,,,
150,baseline_visit_arm_1,,,02,141,,,,2,1,,,,,,,,,,,,,,,,,,,,
151,baseline_visit_arm_1,,,02,200,,,,2,2,,,,,,,,,,,,,,,,,,,,
152,baseline_visit_arm_1,,,02,146,,,,3,1,,,,,,,,,,,,,,,,,,,,
153,baseline_visit_arm_1,,,02,240,,,,5,0,,,,,,,,,,,,,,,,,,,,
154,baseline_visit_arm_1,,,02,170,,,,1,0,,,,,,,,,,,,,,,,,,,,
155,baseline_visit_arm_1,,,02,166,,,,5,0,,,,,,,,,,,,,,,,,,,,
156,baseline_visit_arm_1,,,02,243,,,,1,4,,,,,,,,,,,,,,,,,,,,
157,baseline_visit_arm_1,,,02,161,,,,2,1,,,,,,,,,,,,,,,,,,,,
158,baseline_visit_arm_1,,,02,511,,,,4,0,,,,,,,,,,,,,,,,,,,,
160,baseline_visit_arm_1,,,02,235,,,,2,3,,,,,,,,,,,,,,,,,,,,
161,baseline_visit_arm_1,,,02,184,,,,5,0,,,,,,,,,,,,,,,,,,,,
162,baseline_visit_arm_1,,,02,148,,,,5,3,,,,,,,,,,,,,,,,,,,,
163,baseline_visit_arm_1,,,02,234,,,,1,0,,,,,,,,,,,,,,,,,,,,
164,baseline_visit_arm_1,,,02,236,,,,1,1,,,,,,,,,,,,,,,,,,,,
165,baseline_visit_arm_1,,,02,487,,,,0,2,,,,,,,,,,,,,,,,,,,,
166,baseline_visit_arm_1,,,02,167,,,,1,0,,,,,,,,,,,,,,,,,,,,
167,baseline_visit_arm_1,,,02,187,,,,5,0,,,,,,,,,,,,,,,,,,,,
168,baseline_visit_arm_1,,,02,145,,,,5,1,,,,,,,,,,,,,,,,,,,,
169,baseline_visit_arm_1,,,02,237,,,,2,4,,,,,,,,,,,,,,,,,,,,
170,baseline_visit_arm_1,,,02,160,,,,1,2,,,,,,,,,,,,,,,,,,,,
171,baseline_visit_arm_1,,,02,495,,,,3,0,,,,,,,,,,,,,,,,,,,,
172,baseline_visit_arm_1,,,02,147,,,,2,4,,,,,,,,,,,,,,,,,,,,
173,baseline_visit_arm_1,,,02,246,,,,4,0,,,,,,,,,,,,,,,,,,,,
174,baseline_visit_arm_1,,,02,172,,,,1,1,,,,,,,,,,,,,,,,,,,,
175,baseline_visit_arm_1,,,02,201,,,,4,2,,,,,,,,,,,,,,,,,,,,
176,baseline_visit_arm_1,,,02,142,,,,3,0,,,,,,,,,,,,,,,,,,,,
177,baseline_visit_arm_1,,,02,164,,,,1,3,,,,,,,,,,,,,,,,,,,,
178,baseline_visit_arm_1,,,02,312,,,,0,3,,,,,,,,,,,,,,,,,,,,
180,baseline_visit_arm_1,,,02,255,,,,2,0,,,,,,,,,,,,,,,,,,,,
183,baseline_visit_arm_1,,,02,326,,,,3,1,,,,,,,,,,,,,,,,,,,,
184,baseline_visit_arm_1,,,02,325,,,,1,1,,,,,,,,,,,,,,,,,,,,
185,baseline_visit_arm_1,,,02,324,,,,5,1,,,,,,,,,,,,,,,,,,,,
186,baseline_visit_arm_1,,,02,403,,,,3,0,,,,,,,,,,,,,,,,,,,,
187,baseline_visit_arm_1,,,02,328,,,,3,4,,,,,,,,,,,,,,,,,,,,
188,baseline_visit_arm_1,,,02,327,,,,1,3,,,,,,,,,,,,,,,,,,,,
189,baseline_visit_arm_1,,,02,319,,,,2,1,,,,,,,,,,,,,,,,,,,,
190,baseline_visit_arm_1,,,02,320,,,,1,2,,,,,,,,,,,,,,,,,,,,
191,baseline_visit_arm_1,,,02,323,,,,3,8,,,,,,,,,,,,,,,,,,,,
192,baseline_visit_arm_1,,,02,650,,,,1,0,,,,,,,,,,,,,,,,,,,,
193,baseline_visit_arm_1,,,02,329,,,,7,0,,,,,,,,,,,,,,,,,,,,
194,baseline_visit_arm_1,,,02,322,,,,2,4,,,,,,,,,,,,,,,,,,,,
195,baseline_visit_arm_1,,,02,318,,,,2,1,,,,,,,,,,,,,,,,,,,,
196,baseline_visit_arm_1,,,02,273,,,,5,1,,,,,,,,,,,,,,,,,,,,
197,baseline_visit_arm_1,,,02,117,,,,5,0,,,,,,,,,,,,,,,,,,,,
199,baseline_visit_arm_1,,,02,131,,,,3,1,,,,,,,,,,,,,,,,,,,,
200,baseline_visit_arm_1,,,02,285,,,,2,1,,,,,,,,,,,,,,,,,,,,
203,baseline_visit_arm_1,,,02,107,,,,1,0,,,,,,,,,,,,,,,,,,,,
205,baseline_visit_arm_1,,,02,483,,,,1,4,,,,,,,,,,,,,,,,,,,,
206,baseline_visit_arm_1,,,02,516,,,,3,0,,,,,,,,,,,,,,,,,,,,
207,baseline_visit_arm_1,,,02,109,,,,1,4,,,,,,,,,,,,,,,,,,,,
208,baseline_visit_arm_1,,,02,114,,,,1,2,,,,,,,,,,,,,,,,,,,,
209,baseline_visit_arm_1,,,02,658,,,,3,0,,,,,,,,,,,,,,,,,,,,
210,baseline_visit_arm_1,,,02,485,,,,1,0,,,,,,,,,,,,,,,,,,,,
211,baseline_visit_arm_1,,,02,655,,,,4,1,,,,,,,,,,,,,,,,,,,,
212,baseline_visit_arm_1,,,02,656,,,,4,1,,,,,,,,,,,,,,,,,,,,
214,baseline_visit_arm_1,,,02,249,,,,1,2,,,,,,,,,,,,,,,,,,,,
215,baseline_visit_arm_1,,,02,110,,,,2,1,,,,,,,,,,,,,,,,,,,,
216,baseline_visit_arm_1,,,02,116,,,,3,1,,,,,,,,,,,,,,,,,,,,
217,baseline_visit_arm_1,,,02,263,,,,5,0,,,,,,,,,,,,,,,,,,,,
218,baseline_visit_arm_1,,,02,118,,,,2,4,,,,,,,,,,,,,,,,,,,,
219,baseline_visit_arm_1,,,02,121,,,,2,0,,,,,,,,,,,,,,,,,,,,
223,baseline_visit_arm_1,,,02,149,,,,1,3,,,,,,,,,,,,,,,,,,,,
224,baseline_visit_arm_1,,,02,151,,,,2,3,,,,,,,,,,,,,,,,,,,,
225,baseline_visit_arm_1,,,02,657,,,,2,0,,,,,,,,,,,,,,,,,,,,
226,baseline_visit_arm_1,,,02,221,,,,0,1,,,,,,,,,,,,,,,,,,,,
227,baseline_visit_arm_1,,,02,693,,,,0,2,,,,,,,,,,,,,,,,,,,,
228,baseline_visit_arm_1,,,02,217,,,,2,0,,,,,,,,,,,,,,,,,,,,
229,baseline_visit_arm_1,,,02,242,,,,4,3,,,,,,,,,,,,,,,,,,,,
230,baseline_visit_arm_1,,,02,105,,,,3,2,,,,,,,,,,,,,,,,,,,,
231,baseline_visit_arm_1,,,02,106,,,,1,2,,,,,,,,,,,,,,,,,,,,
233,baseline_visit_arm_1,,,02,244,,,,3,3,,,,,,,,,,,,,,,,,,,,
234,baseline_visit_arm_1,,,02,209,,,,4,0,,,,,,,,,,,,,,,,,,,,
235,baseline_visit_arm_1,,,02,660,,,,5,2,,,,,,,,,,,,,,,,,,,,
236,baseline_visit_arm_1,,,02,703,,,,2,1,,,,,,,,,,,,,,,,,,,,
237,baseline_visit_arm_1,,,02,252,,,,3,2,,,,,,,,,,,,,,,,,,,,
239,baseline_visit_arm_1,,,02,168,,,,1,0,,,,,,,,,,,,,,,,,,,,
240,baseline_visit_arm_1,,,02,517,,,,0,6,,,,,,,,,,,,,,,,,,,,
241,baseline_visit_arm_1,,,02,247,,,,6,0,,,,,,,,,,,,,,,,,,,,
242,baseline_visit_arm_1,,,02,122,,,,3,5,,,,,,,,,,,,,,,,,,,,
243,baseline_visit_arm_1,,,02,515,,,,5,0,,,,,,,,,,,,,,,,,,,,
244,baseline_visit_arm_1,,,02,127,,,,1,1,,,,,,,,,,,,,,,,,,,,
245,baseline_visit_arm_1,,,02,210,,,,1,2,,,,,,,,,,,,,,,,,,,,
246,baseline_visit_arm_1,,,02,129,,,,4,0,,,,,,,,,,,,,,,,,,,,
247,baseline_visit_arm_1,,,02,102,,,,5,1,,,,,,,,,,,,,,,,,,,,
248,baseline_visit_arm_1,,,02,133,,,,1,3,,,,,,,,,,,,,,,,,,,,
249,baseline_visit_arm_1,,,02,230,,,,1,2,,,,,,,,,,,,,,,,,,,,
250,baseline_visit_arm_1,,,02,218,,,,2,0,,,,,,,,,,,,,,,,,,,,
251,baseline_visit_arm_1,,,02,241,,,,2,1,,,,,,,,,,,,,,,,,,,,
252,baseline_visit_arm_1,,,02,514,,,,1,1,,,,,,,,,,,,,,,,,,,,
253,baseline_visit_arm_1,,,02,124,,,,0,6,,,,,,,,,,,,,,,,,,,,
254,baseline_visit_arm_1,,,02,720,,,,2,2,,,,,,,,,,,,,,,,,,,,
255,baseline_visit_arm_1,,,02,111,,,,2,2,,,,,,,,,,,,,,,,,,,,
256,baseline_visit_arm_1,,,02,758,,,,2,5,,,,,,,,,,,,,,,,,,,,
257,baseline_visit_arm_1,,,02,756,,,,1,0,,,,,,,,,,,,,,,,,,,,
258,baseline_visit_arm_1,,,02,752,,,,0,4,,,,,,,,,,,,,,,,,,,,
259,baseline_visit_arm_1,,,02,753,,,,0,1,,,,,,,,,,,,,,,,,,,,
260,baseline_visit_arm_1,,,02,755,,,,0,1,,,,,,,,,,,,,,,,,,,,
261,baseline_visit_arm_1,,,02,757,,,,0,1,,,,,,,,,,,,,,,,,,,,
262,baseline_visit_arm_1,,,02,759,,,,0,4,,,,,,,,,,,,,,,,,,,,
263,baseline_visit_arm_1,,,02,763,,,,5,0,,,,,,,,,,,,,,,,,,,,
264,baseline_visit_arm_1,,,02,766,,,,1,1,,,,,,,,,,,,,,,,,,,,
265,baseline_visit_arm_1,,,02,765,,,,1,0,,,,,,,,,,,,,,,,,,,,
266,baseline_visit_arm_1,,,02,752,,,,1,2,,,,,,,,,,,,,,,,,,,,
267,baseline_visit_arm_1,,,02,754,,,,3,0,,,,,,,,,,,,,,,,,,,,
268,baseline_visit_arm_1,,,02,486,,,,3,1,,,,,,,,,,,,,,,,,,,,
270,baseline_visit_arm_1,,,02,132,,,,5,0,,,,,,,,,,,,,,,,,,,,
271,baseline_visit_arm_1,,,02,216,,,,1,3,,,,,,,,,,,,,,,,,,,,
272,baseline_visit_arm_1,,,02,139,,,,1,1,,,,,,,,,,,,,,,,,,,,
273,baseline_visit_arm_1,,,02,108,,,,1,2,,,,,,,,,,,,,,,,,,,,
274,baseline_visit_arm_1,,,02,135,,,,3,0,,,,,,,,,,,,,,,,,,,,
275,baseline_visit_arm_1,,,02,518,,,,3,4,,,,,,,,,,,,,,,,,,,,
276,baseline_visit_arm_1,,,02,137,,,,0,3,,,,,,,,,,,,,,,,,,,,
277,baseline_visit_arm_1,,,02,212,,,,3,0,,,,,,,,,,,,,,,,,,,,
278,baseline_visit_arm_1,,,02,213,,,,1,2,,,,,,,,,,,,,,,,,,,,
279,baseline_visit_arm_1,,,02,750,,,,2,0,,,,,,,,,,,,,,,,,,,,
280,baseline_visit_arm_1,,,02,751,,,,2,3,,,,,,,,,,,,,,,,,,,,
281,baseline_visit_arm_1,,,02,760,,,,1,1,,,,,,,,,,,,,,,,,,,,
282,baseline_visit_arm_1,,,02,761,,,,1,0,,,,,,,,,,,,,,,,,,,,
283,baseline_visit_arm_1,,,02,157,,,,6,0,,,,,,,,,,,,,,,,,,,,
285,baseline_visit_arm_1,,,02,130,,,,2,2,,,,,,,,,,,,,,,,,,,,
286,baseline_visit_arm_1,,,02,158,,,,0,2,,,,,,,,,,,,,,,,,,,,
288,baseline_visit_arm_1,,,02,112,,,,2,1,,,,,,,,,,,,,,,,,,,,
289,baseline_visit_arm_1,,,02,154,,,,2,1,,,,,,,,,,,,,,,,,,,,
290,baseline_visit_arm_1,,,02,119,,,,0,2,,,,,,,,,,,,,,,,,,,,
291,baseline_visit_arm_1,,,02,156,,,,1,0,,,,,,,,,,,,,,,,,,,,
292,baseline_visit_arm_1,,,02,671,,,,1,0,,,,,,,,,,,,,,,,,,,,
293,baseline_visit_arm_1,,,02,767,,,,4,1,,,,,,,,,,,,,,,,,,,,
294,baseline_visit_arm_1,,,02,762,,,,0,1,,,,,,,,,,,,,,,,,,,,
295,baseline_visit_arm_1,,,02,752,,,,1,2,,,,,,,,,,,,,,,,,,,,
296,baseline_visit_arm_1,,,02,601,,,,1,2,,,,,,,,,,,,,,,,,,,,
297,baseline_visit_arm_1,,,02,153,,,,2,3,,,,,,,,,,,,,,,,,,,,
299,baseline_visit_arm_1,,,02,155,,,,3,2,,,,,,,,,,,,,,,,,,,,
300,baseline_visit_arm_1,,,02,768,,,,1,5,,,,,,,,,,,,,,,,,,,,
301,baseline_visit_arm_1,,,02,770,,,,1,0,,,,,,,,,,,,,,,,,,,,
302,baseline_visit_arm_1,,,02,769,,,,0,2,,,,,,,,,,,,,,,,,,,,
303,baseline_visit_arm_1,,,02,771,,,,3,4,,,,,,,,,,,,,,,,,,,,
306,baseline_visit_arm_1,,,02,208,,,,1,3,,,,,,,,,,,,,,,,,,,,
307,baseline_visit_arm_1,,,01,105,,,,2,1,,,,,,,,,,,,,,,,,,,,
308,baseline_visit_arm_1,,,01,152,,,,5,0,,,,,,,,,,,,,,,,,,,,
309,baseline_visit_arm_1,,,01,106,,,,0,4,,,,,,,,,,,,,,,,,,,,
310,baseline_visit_arm_1,,,01,113,,,,2,2,,,,,,,,,,,,,,,,,,,,
311,baseline_visit_arm_1,,,01,139,,,,4,0,,,,,,,,,,,,,,,,,,,,
312,baseline_visit_arm_1,,,01,104,,,,1,3,,,,,,,,,,,,,,,,,,,,
313,baseline_visit_arm_1,,,01,456,,,,4,0,,,,,,,,,,,,,,,,,,,,
314,baseline_visit_arm_1,,,01,457,,,,0,1,,,,,,,,,,,,,,,,,,,,
315,baseline_visit_arm_1,,,01,450,,,,3,1,,,,,,,,,,,,,,,,,,,,
316,baseline_visit_arm_1,,,01,600,,,,4,2,,,,,,,,,,,,,,,,,,,,
317,baseline_visit_arm_1,,,01,453,,,,5,1,,,,,,,,,,,,,,,,,,,,
318,baseline_visit_arm_1,,,01,458,,,,2,4,,,,,,,,,,,,,,,,,,,,
319,baseline_visit_arm_1,,,01,455,,,,0,8,,,,,,,,,,,,,,,,,,,,
320,baseline_visit_arm_1,,,01,114,,,,1,3,,,,,,,,,,,,,,,,,,,,
321,baseline_visit_arm_1,,,01,147,,,,4,2,,,,,,,,,,,,,,,,,,,,
322,baseline_visit_arm_1,,,01,452,,,,6,0,,,,,,,,,,,,,,,,,,,,
323,baseline_visit_arm_1,,,01,700,,,,3,2,,,,,,,,,,,,,,,,,,,,
324,baseline_visit_arm_1,,,01,150,,,,5,0,,,,,,,,,,,,,,,,,,,,
326,baseline_visit_arm_1,,,01,148,,,,4,0,,,,,,,,,,,,,,,,,,,,
328,baseline_visit_arm_1,,,01,107,,,,3,2,,,,,,,,,,,,,,,,,,,,
329,baseline_visit_arm_1,,,01,137,,,,1,3,,,,,,,,,,,,,,,,,,,,
330,baseline_visit_arm_1,,,01,470,,,,1,1,,,,,,,,,,,,,,,,,,,,
331,baseline_visit_arm_1,,,01,487,,,,2,0,,,,,,,,,,,,,,,,,,,,
332,baseline_visit_arm_1,,,01,483,,,,2,0,,,,,,,,,,,,,,,,,,,,
333,baseline_visit_arm_1,,,01,463,,,,2,8,,,,,,,,,,,,,,,,,,,,
335,baseline_visit_arm_1,,,01,484,,,,0,4,,,,,,,,,,,,,,,,,,,,
336,baseline_visit_arm_1,,,01,466,,,,0,1,,,,,,,,,,,,,,,,,,,,
337,baseline_visit_arm_1,,,01,467,,,,1,2,,,,,,,,,,,,,,,,,,,,
338,baseline_visit_arm_1,,,01,465,,,,2,0,,,,,,,,,,,,,,,,,,,,
339,baseline_visit_arm_1,,,01,146,,,,3,3,,,,,,,,,,,,,,,,,,,,
340,baseline_visit_arm_1,,,01,138,,,,2,2,,,,,,,,,,,,,,,,,,,,
341,baseline_visit_arm_1,,,01,454,,,,1,0,,,,,,,,,,,,,,,,,,,,
342,baseline_visit_arm_1,,,01,469,,,,1,1,,,,,,,,,,,,,,,,,,,,
343,baseline_visit_arm_1,,,01,135,,,,0,4,,,,,,,,,,,,,,,,,,,,
344,baseline_visit_arm_1,,,01,468,,,,2,3,,,,,,,,,,,,,,,,,,,,
345,baseline_visit_arm_1,,,01,490,,,,1,0,,,,,,,,,,,,,,,,,,,,
346,baseline_visit_arm_1,,,01,133,,,,4,3,,,,,,,,,,,,,,,,,,,,
347,baseline_visit_arm_1,,,01,119,,,,0,1,,,,,,,,,,,,,,,,,,,,
348,baseline_visit_arm_1,,,01,130,,,,4,0,,,,,,,,,,,,,,,,,,,,
349,baseline_visit_arm_1,,,01,485,,,,4,0,,,,,,,,,,,,,,,,,,,,
350,baseline_visit_arm_1,,,01,131,,,,1,0,,,,,,,,,,,,,,,,,,,,
351,baseline_visit_arm_1,,,01,486,,,,1,1,,,,,,,,,,,,,,,,,,,,
352,baseline_visit_arm_1,,,01,489,,,,1,0,,,,,,,,,,,,,,,,,,,,
353,baseline_visit_arm_1,,,01,488,,,,4,1,,,,,,,,,,,,,,,,,,,,
354,baseline_visit_arm_1,,,01,472,,,,0,3,,,,,,,,,,,,,,,,,,,,
355,baseline_visit_arm_1,,,01,481,,,,4,0,,,,,,,,,,,,,,,,,,,,
356,baseline_visit_arm_1,,,01,117,,,,0,3,,,,,,,,,,,,,,,,,,,,
357,baseline_visit_arm_1,,,01,124,,,,4,1,,,,,,,,,,,,,,,,,,,,
358,baseline_visit_arm_1,,,01,120,,,,0,4,,,,,,,,,,,,,,,,,,,,
359,baseline_visit_arm_1,,,01,477,,,,3,1,,,,,,,,,,,,,,,,,,,,
360,baseline_visit_arm_1,,,01,471,,,,1,5,,,,,,,,,,,,,,,,,,,,
361,baseline_visit_arm_1,,,01,480,,,,6,0,,,,,,,,,,,,,,,,,,,,
362,baseline_visit_arm_1,,,01,132,,,,3,0,,,,,,,,,,,,,,,,,,,,
363,baseline_visit_arm_1,,,01,478,,,,3,0,,,,,,,,,,,,,,,,,,,,
364,baseline_visit_arm_1,,,01,178,,,,5,3,,,,,,,,,,,,,,,,,,,,
365,baseline_visit_arm_1,,,01,507,,,,3,0,,,,,,,,,,,,,,,,,,,,
366,baseline_visit_arm_1,,,01,512,,,,2,0,,,,,,,,,,,,,,,,,,,,
367,baseline_visit_arm_1,,,01,179,,,,2,1,,,,,,,,,,,,,,,,,,,,
368,baseline_visit_arm_1,,,01,206,,,,2,1,,,,,,,,,,,,,,,,,,,,
369,baseline_visit_arm_1,,,01,207,,,,2,3,,,,,,,,,,,,,,,,,,,,
370,baseline_visit_arm_1,,,01,219,,,,4,0,,,,,,,,,,,,,,,,,,,,
371,baseline_visit_arm_1,,,01,491,,,,0,3,,,,,,,,,,,,,,,,,,,,
372,baseline_visit_arm_1,,,01,173,,,,3,2,,,,,,,,,,,,,,,,,,,,
373,baseline_visit_arm_1,,,01,193,,,,1,0,,,,,,,,,,,,,,,,,,,,
374,baseline_visit_arm_1,,,01,197,,,,2,1,,,,,,,,,,,,,,,,,,,,
375,baseline_visit_arm_1,,,01,203,,,,1,4,,,,,,,,,,,,,,,,,,,,
376,baseline_visit_arm_1,,,01,202,,,,3,1,,,,,,,,,,,,,,,,,,,,
377,baseline_visit_arm_1,,,01,174,,,,1,0,,,,,,,,,,,,,,,,,,,,
378,baseline_visit_arm_1,,,01,192,,,,1,4,,,,,,,,,,,,,,,,,,,,
379,baseline_visit_arm_1,,,01,198,,,,5,1,,,,,,,,,,,,,,,,,,,,
380,baseline_visit_arm_1,,,01,199,,,,5,3,,,,,,,,,,,,,,,,,,,,
381,baseline_visit_arm_1,,,01,180,,,,1,2,,,,,,,,,,,,,,,,,,,,
382,baseline_visit_arm_1,,,01,183,,,,1,4,,,,,,,,,,,,,,,,,,,,
383,baseline_visit_arm_1,,,01,503,,,,1,6,,,,,,,,,,,,,,,,,,,,
384,baseline_visit_arm_1,,,01,493,,,,2,4,,,,,,,,,,,,,,,,,,,,
385,baseline_visit_arm_1,,,01,209,,,,1,2,,,,,,,,,,,,,,,,,,,,
386,baseline_visit_arm_1,,,01,511,,,,4,0,,,,,,,,,,,,,,,,,,,,
387,baseline_visit_arm_1,,,01,495,,,,3,1,,,,,,,,,,,,,,,,,,,,
388,baseline_visit_arm_1,,,01,497,,,,1,2,,,,,,,,,,,,,,,,,,,,
389,baseline_visit_arm_1,,,01,172,,,,3,0,,,,,,,,,,,,,,,,,,,,
390,baseline_visit_arm_1,,,01,181,,,,3,2,,,,,,,,,,,,,,,,,,,,
391,baseline_visit_arm_1,,,01,494,,,,1,0,,,,,,,,,,,,,,,,,,,,
392,baseline_visit_arm_1,,,01,189,,,,1,3,,,,,,,,,,,,,,,,,,,,
393,baseline_visit_arm_1,,,01,195,,,,3,4,,,,,,,,,,,,,,,,,,,,
394,baseline_visit_arm_1,,,01,182,,,,5,0,,,,,,,,,,,,,,,,,,,,
395,baseline_visit_arm_1,,,01,156,,,,2,5,,,,,,,,,,,,,,,,,,,,
396,baseline_visit_arm_1,,,01,141,,,,1,5,,,,,,,,,,,,,,,,,,,,
397,baseline_visit_arm_1,,,01,155,,,,1,2,,,,,,,,,,,,,,,,,,,,
398,baseline_visit_arm_1,,,01,210,,,,2,0,,,,,,,,,,,,,,,,,,,,
399,baseline_visit_arm_1,,,01,524,,,,1,2,,,,,,,,,,,,,,,,,,,,
400,baseline_visit_arm_1,,,01,521,,,,5,1,,,,,,,,,,,,,,,,,,,,
401,baseline_visit_arm_1,,,01,229,,,,1,4,,,,,,,,,,,,,,,,,,,,
402,baseline_visit_arm_1,,,01,520,,,,2,2,,,,,,,,,,,,,,,,,,,,
403,baseline_visit_arm_1,,,01,242,,,,2,0,,,,,,,,,,,,,,,,,,,,
404,baseline_visit_arm_1,,,01,461,,,,1,0,,,,,,,,,,,,,,,,,,,,
405,baseline_visit_arm_1,,,01,460,,,,4,0,,,,,,,,,,,,,,,,,,,,
406,baseline_visit_arm_1,,,01,227,,,,3,2,,,,,,,,,,,,,,,,,,,,
407,baseline_visit_arm_1,,,01,519,,,,5,1,,,,,,,,,,,,,,,,,,,,
408,baseline_visit_arm_1,,,01,226,,,,2,2,,,,,,,,,,,,,,,,,,,,
409,baseline_visit_arm_1,,,01,224,,,,3,3,,,,,,,,,,,,,,,,,,,,
410,baseline_visit_arm_1,,,01,230,,,,6,0,,,,,,,,,,,,,,,,,,,,
411,baseline_visit_arm_1,,,01,221,,,,1,2,,,,,,,,,,,,,,,,,,,,
412,baseline_visit_arm_1,,,01,518,,,,3,1,,,,,,,,,,,,,,,,,,,,
413,baseline_visit_arm_1,,,01,522,,,,4,1,,,,,,,,,,,,,,,,,,,,
414,baseline_visit_arm_1,,,01,509,,,,1,2,,,,,,,,,,,,,,,,,,,,
415,baseline_visit_arm_1,,,01,510,,,,3,0,,,,,,,,,,,,,,,,,,,,
416,baseline_visit_arm_1,,,01,231,,,,4,0,,,,,,,,,,,,,,,,,,,,
417,baseline_visit_arm_1,,,01,266,,,,3,0,,,,,,,,,,,,,,,,,,,,
418,baseline_visit_arm_1,,,01,265,,,,5,0,,,,,,,,,,,,,,,,,,,,
419,baseline_visit_arm_1,,,01,523,,,,4,1,,,,,,,,,,,,,,,,,,,,
420,baseline_visit_arm_1,,,01,538,,,,3,2,,,,,,,,,,,,,,,,,,,,
421,baseline_visit_arm_1,,,01,535,,,,0,4,,,,,,,,,,,,,,,,,,,,
422,baseline_visit_arm_1,,,01,528,,,,1,0,,,,,,,,,,,,,,,,,,,,
423,baseline_visit_arm_1,,,01,264,,,,1,2,,,,,,,,,,,,,,,,,,,,
424,baseline_visit_arm_1,,,01,473,,,,1,1,,,,,,,,,,,,,,,,,,,,
425,baseline_visit_arm_1,,,01,499,,,,2,1,,,,,,,,,,,,,,,,,,,,
426,baseline_visit_arm_1,,,01,527,,,,1,2,,,,,,,,,,,,,,,,,,,,
427,baseline_visit_arm_1,,,01,530,,,,1,2,,,,,,,,,,,,,,,,,,,,
428,baseline_visit_arm_1,,,01,533,,,,1,3,,,,,,,,,,,,,,,,,,,,
429,baseline_visit_arm_1,,,01,536,,,,4,0,,,,,,,,,,,,,,,,,,,,
430,baseline_visit_arm_1,,,01,526,,,,0,1,,,,,,,,,,,,,,,,,,,,
431,baseline_visit_arm_1,,,01,532,,,,0,2,,,,,,,,,,,,,,,,,,,,
432,baseline_visit_arm_1,,,01,527,,,,0,4,,,,,,,,,,,,,,,,,,,,
433,baseline_visit_arm_1,,,01,241,,,,1,2,,,,,,,,,,,,,,,,,,,,
434,baseline_visit_arm_1,,,01,205,,,,4,1,,,,,,,,,,,,,,,,,,,,
437,baseline_visit_arm_1,,,01,243,,,,1,3,,,,,,,,,,,,,,,,,,,,
438,baseline_visit_arm_1,,,01,244,,,,2,1,,,,,,,,,,,,,,,,,,,,
439,baseline_visit_arm_1,,,01,280,,,,1,1,,,,,,,,,,,,,,,,,,,,
440,baseline_visit_arm_1,,,01,279,,,,1,0,,,,,,,,,,,,,,,,,,,,
441,baseline_visit_arm_1,,,01,245,,,,4,4,,,,,,,,,,,,,,,,,,,,
442,baseline_visit_arm_1,,,01,601,,,,0,2,,,,,,,,,,,,,,,,,,,,
443,baseline_visit_arm_1,,,01,263,,,,5,0,,,,,,,,,,,,,,,,,,,,
444,baseline_visit_arm_1,,,01,257,,,,0,5,,,,,,,,,,,,,,,,,,,,
445,baseline_visit_arm_1,,,01,254,,,,0,3,,,,,,,,,,,,,,,,,,,,
446,baseline_visit_arm_1,,,01,249,,,,0,5,,,,,,,,,,,,,,,,,,,,
447,baseline_visit_arm_1,,,01,545,,,,0,1,,,,,,,,,,,,,,,,,,,,
448,baseline_visit_arm_1,,,01,259,,,,1,0,,,,,,,,,,,,,,,,,,,,
449,baseline_visit_arm_1,,,01,258,,,,2,1,,,,,,,,,,,,,,,,,,,,
450,baseline_visit_arm_1,,,01,537,,,,1,2,,,,,,,,,,,,,,,,,,,,
452,baseline_visit_arm_1,,,01,547,,,,1,2,,,,,,,,,,,,,,,,,,,,
453,baseline_visit_arm_1,,,01,548,,,,1,1,,,,,,,,,,,,,,,,,,,,
454,baseline_visit_arm_1,,,01,543,,,,3,3,,,,,,,,,,,,,,,,,,,,
455,baseline_visit_arm_1,,,01,552,,,,1,0,,,,,,,,,,,,,,,,,,,,
456,baseline_visit_arm_1,,,01,555,,,,1,2,,,,,,,,,,,,,,,,,,,,
457,baseline_visit_arm_1,,,01,568,,,,3,2,,,,,,,,,,,,,,,,,,,,
458,baseline_visit_arm_1,,,01,214,,,,4,1,,,,,,,,,,,,,,,,,,,,
459,baseline_visit_arm_1,,,01,145,,,,6,0,,,,,,,,,,,,,,,,,,,,
460,baseline_visit_arm_1,,,01,500,,,,4,0,,,,,,,,,,,,,,,,,,,,
461,baseline_visit_arm_1,,,01,306,,,,1,0,,,,,,,,,,,,,,,,,,,,
462,baseline_visit_arm_1,,,01,315,,,,1,0,,,,,,,,,,,,,,,,,,,,
463,baseline_visit_arm_1,,,01,285,,,,1,0,,,,,,,,,,,,,,,,,,,,
464,baseline_visit_arm_1,,,01,248,,,,2,0,,,,,,,,,,,,,,,,,,,,
465,baseline_visit_arm_1,,,01,312,,,,6,0,,,,,,,,,,,,,,,,,,,,
466,baseline_visit_arm_1,,,01,309,,,,0,2,,,,,,,,,,,,,,,,,,,,
467,baseline_visit_arm_1,,,01,702,,,,3,0,,,,,,,,,,,,,,,,,,,,
468,baseline_visit_arm_1,,,01,561,,,,5,0,,,,,,,,,,,,,,,,,,,,
469,baseline_visit_arm_1,,,01,549,,,,1,0,,,,,,,,,,,,,,,,,,,,
470,baseline_visit_arm_1,,,01,544,,,,4,2,,,,,,,,,,,,,,,,,,,,
471,baseline_visit_arm_1,,,01,560,,,,3,6,,,,,,,,,,,,,,,,,,,,
472,baseline_visit_arm_1,,,01,550,,,,1,3,,,,,,,,,,,,,,,,,,,,
473,baseline_visit_arm_1,,,01,554,,,,0,1,,,,,,,,,,,,,,,,,,,,
474,baseline_visit_arm_1,,,01,534,,,,1,2,,,,,,,,,,,,,,,,,,,,
475,baseline_visit_arm_1,,,01,314,,,,6,0,,,,,,,,,,,,,,,,,,,,
476,baseline_visit_arm_1,,,01,290,,,,1,3,,,,,,,,,,,,,,,,,,,,
477,baseline_visit_arm_1,,,01,292,,,,1,0,,,,,,,,,,,,,,,,,,,,
478,baseline_visit_arm_1,,,01,329,,,,2,6,,,,,,,,,,,,,,,,,,,,
479,baseline_visit_arm_1,,,01,559,,,,4,0,,,,,,,,,,,,,,,,,,,,
480,baseline_visit_arm_1,,,01,328,,,,1,1,,,,,,,,,,,,,,,,,,,,
481,baseline_visit_arm_1,,,01,187,,,,3,3,,,,,,,,,,,,,,,,,,,,
482,baseline_visit_arm_1,,,01,505,,,,2,2,,,,,,,,,,,,,,,,,,,,
483,baseline_visit_arm_1,,,01,569,1,,,4,0,,,,,,,,,,,,,,,,,,,,
484,baseline_visit_arm_1,,,01,570,1,,,1,0,,,,,,,,,,,,,,,,,,,,
486,baseline_visit_arm_1,,,01,950,,,,0,2,,,,,,,,,,,,,,,,,,,,
487,baseline_visit_arm_1,,,01,580,,,,3,1,,,,,,,,,,,,,,,,,,,,
488,baseline_visit_arm_1,,,01,515,,,,1,2,,,,,,,,,,,,,,,,,,,,
490,baseline_visit_arm_1,,,01,514,,,,3,0,,,,,,,,,,,,,,,,,,,,
491,baseline_visit_arm_1,,,01,297,,,,2,3,,,,,,,,,,,,,,,,,,,,
492,baseline_visit_arm_1,,,01,551,,,,0,6,,,,,,,,,,,,,,,,,,,,
493,baseline_visit_arm_1,,,01,159,,,,0,2,,,,,,,,,,,,,,,,,,,,
494,baseline_visit_arm_1,,,01,562,,,,0,1,,,,,,,,,,,,,,,,,,,,
495,baseline_visit_arm_1,,,01,581,,,,7,0,,,,,,,,,,,,,,,,,,,,
496,baseline_visit_arm_1,,,01,558,,,,2,0,,,,,,,,,,,,,,,,,,,,
497,baseline_visit_arm_1,,,01,578,,,,0,1,,,,,,,,,,,,,,,,,,,,
498,baseline_visit_arm_1,,,01,579,,,,3,0,,,,,,,,,,,,,,,,,,,,
499,baseline_visit_arm_1,,,01,176,,,,5,3,,,,,,,,,,,,,,,,,,,,
500,baseline_visit_arm_1,,,01,201,,,,1,4,,,,,,,,,,,,,,,,,,,,
501,baseline_visit_arm_1,,,01,331,1,,,4,7,,,,,,,,,,,,,,,,,,,,
502,baseline_visit_arm_1,,,01,574,,,,1,2,,,,,,,,,,,,,,,,,,,,
503,baseline_visit_arm_1,,,01,587,,,,1,2,,,,,,,,,,,,,,,,,,,,
504,baseline_visit_arm_1,,,01,589,,,,1,0,,,,,,,,,,,,,,,,,,,,
505,baseline_visit_arm_1,,,01,588,,,,5,2,,,,,,,,,,,,,,,,,,,,
506,baseline_visit_arm_1,,,01,584,,,,1,5,,,,,,,,,,,,,,,,,,,,
507,baseline_visit_arm_1,,,01,295,,,,0,1,,,,,,,,,,,,,,,,,,,,
508,baseline_visit_arm_1,,,01,299,,,,3,0,,,,,,,,,,,,,,,,,,,,
511,baseline_visit_arm_1,,,01,516,,,,1,0,,,,,,,,,,,,,,,,,,,,
512,baseline_visit_arm_1,,,01,106,,,,4,0,,,,,,,,,,,,,,,,,,,,
513,baseline_visit_arm_1,,,01,650,,,,2,3,,,,,,,,,,,,,,,,,,,,
514,baseline_visit_arm_1,,,01,117,,,,3,0,,,,,,,,,,,,,,,,,,,,
516,baseline_visit_arm_1,,,01,144,,,,0,1,,,,,,,,,,,,,,,,,,,,
517,baseline_visit_arm_1,,,01,459,,,,1,1,,,,,,,,,,,,,,,,,,,,
518,baseline_visit_arm_1,,,01,476,,,,1,3,,,,,,,,,,,,,,,,,,,,
519,baseline_visit_arm_1,,,01,171,,,,1,1,,,,,,,,,,,,,,,,,,,,
520,baseline_visit_arm_1,,,01,498,,,,4,0,,,,,,,,,,,,,,,,,,,,
521,baseline_visit_arm_1,,,01,501,,,,5,0,,,,,,,,,,,,,,,,,,,,
522,baseline_visit_arm_1,,,01,211,,,,2,0,,,,,,,,,,,,,,,,,,,,
523,baseline_visit_arm_1,,,01,513,,,,1,3,,,,,,,,,,,,,,,,,,,,
524,baseline_visit_arm_1,,,01,267,,,,2,3,,,,,,,,,,,,,,,,,,,,
525,baseline_visit_arm_1,,,01,134,,,,0,5,,,,,,,,,,,,,,,,,,,,
526,baseline_visit_arm_1,,,01,492,,,,0,3,,,,,,,,,,,,,,,,,,,,
527,baseline_visit_arm_1,,,01,576,,,,6,0,,,,,,,,,,,,,,,,,,,,
528,baseline_visit_arm_1,,,01,651,,,,1,0,,,,,,,,,,,,,,,,,,,,
529,baseline_visit_arm_1,,,01,135,,,,0,4,,,,,,,,,,,,,,,,,,,,
530,baseline_visit_arm_1,,,01,134,,,,0,7,,,,,,,,,,,,,,,,,,,,
531,baseline_visit_arm_1,,,01,185,,,,0,5,,,,,,,,,,,,,,,,,,,,
532,baseline_visit_arm_1,,,01,504,,,,0,5,,,,,,,,,,,,,,,,,,,,
533,baseline_visit_arm_1,,,01,525,,,,0,1,,,,,,,,,,,,,,,,,,,,
534,baseline_visit_arm_1,,,01,218,,,,5,0,,,,,,,,,,,,,,,,,,,,
535,baseline_visit_arm_1,,,01,225,,,,0,3,,,,,,,,,,,,,,,,,,,,
536,baseline_visit_arm_1,,,01,223,,,,0,1,,,,,,,,,,,,,,,,,,,,
537,baseline_visit_arm_1,,,01,235,,,,1,1,,,,,,,,,,,,,,,,,,,,
538,baseline_visit_arm_1,,,01,701,,,,0,1,,,,,,,,,,,,,,,,,,,,
539,baseline_visit_arm_1,,,01,246,,,,0,4,,,,,,,,,,,,,,,,,,,,
540,baseline_visit_arm_1,,,01,250,,,,0,1,,,,,,,,,,,,,,,,,,,,
541,baseline_visit_arm_1,,,01,652,,,,0,4,,,,,,,,,,,,,,,,,,,,
542,baseline_visit_arm_1,,,01,330,,,,0,1,,,,,,,,,,,,,,,,,,,,
543,baseline_visit_arm_1,,,01,208,,,,0,1,,,,,,,,,,,,,,,,,,,,
544,baseline_visit_arm_1,,,01,517,,,,0,3,,,,,,,,,,,,,,,,,,,,
545,baseline_visit_arm_1,,,01,601,,,,2,0,,,,,,,,,,,,,,,,,,,,
546,baseline_visit_arm_1,,,01,268,,,,3,4,,,,,,,,,,,,,,,,,,,,
547,baseline_visit_arm_1,,,01,254,,,,0,2,,,,,,,,,,,,,,,,,,,,
548,baseline_visit_arm_1,,,01,255,,,,0,1,,,,,,,,,,,,,,,,,,,,
549,baseline_visit_arm_1,,,01,256,,,,0,4,,,,,,,,,,,,,,,,,,,,
550,baseline_visit_arm_1,,,01,257,,,,0,5,,,,,,,,,,,,,,,,,,,,
551,baseline_visit_arm_1,,,01,529,,,,0,1,,,,,,,,,,,,,,,,,,,,
552,baseline_visit_arm_1,,,01,269,,,,0,8,,,,,,,,,,,,,,,,,,,,
553,baseline_visit_arm_1,,,01,577,,,,0,1,,,,,,,,,,,,,,,,,,,,
554,baseline_visit_arm_1,,,01,474,,,,0,1,,,,,,,,,,,,,,,,,,,,
555,baseline_visit_arm_1,,,01,482,,,,2,0,,,,,,,,,,,,,,,,,,,,
556,baseline_visit_arm_1,,,01,484,,,,0,1,,,,,,,,,,,,,,,,,,,,
557,baseline_visit_arm_1,,,01,464,,,,0,1,,,,,,,,,,,,,,,,,,,,
558,baseline_visit_arm_1,,,01,462,,,,0,1,,,,,,,,,,,,,,,,,,,,
559,baseline_visit_arm_1,,,01,120,,,,0,4,,,,,,,,,,,,,,,,,,,,
560,baseline_visit_arm_1,,,01,213,,,,5,0,,,,,,,,,,,,,,,,,,,,
561,baseline_visit_arm_1,,,15,102,,,,4,6,,,,,,,,,,,,,,,,,,,,
562,baseline_visit_arm_1,,,15,451,,,,4,1,,,,,,,,,,,,,,,,,,,,
563,baseline_visit_arm_1,,,15,109,,,,3,0,,,,,,,,,,,,,,,,,,,,
564,baseline_visit_arm_1,,,15,600,,,,4,0,,,,,,,,,,,,,,,,,,,,
565,baseline_visit_arm_1,,,15,101,,,,2,4,,,,,,,,,,,,,,,,,,,,
566,baseline_visit_arm_1,,,15,452,,,,1,5,,,,,,,,,,,,,,,,,,,,
567,baseline_visit_arm_1,,,15,111,,,,2,1,,,,,,,,,,,,,,,,,,,,
568,baseline_visit_arm_1,,,15,122,,,,1,4,,,,,,,,,,,,,,,,,,,,
569,baseline_visit_arm_1,,,15,450,,,,2,2,,,,,,,,,,,,,,,,,,,,
570,baseline_visit_arm_1,,,15,121,,,,2,2,,,,,,,,,,,,,,,,,,,,
571,baseline_visit_arm_1,,,15,107,,,,1,1,,,,,,,,,,,,,,,,,,,,
572,baseline_visit_arm_1,,,15,113,,,,4,2,,,,,,,,,,,,,,,,,,,,
573,baseline_visit_arm_1,,,15,112,,,,0,1,,,,,,,,,,,,,,,,,,,,
574,baseline_visit_arm_1,,,15,105,,,,2,3,,,,,,,,,,,,,,,,,,,,
575,baseline_visit_arm_1,,,15,118,,,,3,1,,,,,,,,,,,,,,,,,,,,
576,baseline_visit_arm_1,,,15,104,,,,3,0,,,,,,,,,,,,,,,,,,,,
577,baseline_visit_arm_1,,,15,114,,,,2,0,,,,,,,,,,,,,,,,,,,,
578,baseline_visit_arm_1,,,15,146,,,,4,2,,,,,,,,,,,,,,,,,,,,
579,baseline_visit_arm_1,,,15,135,,,,2,5,,,,,,,,,,,,,,,,,,,,
580,baseline_visit_arm_1,,,15,158,,,,5,0,,,,,,,,,,,,,,,,,,,,
581,baseline_visit_arm_1,,,15,103,,,,1,0,,,,,,,,,,,,,,,,,,,,
582,baseline_visit_arm_1,,,15,173,,,,2,0,,,,,,,,,,,,,,,,,,,,
583,baseline_visit_arm_1,,,15,460,,,,5,2,,,,,,,,,,,,,,,,,,,,
584,baseline_visit_arm_1,,,15,117,,,,1,2,,,,,,,,,,,,,,,,,,,,
585,baseline_visit_arm_1,,,15,141,,,,1,1,,,,,,,,,,,,,,,,,,,,
586,baseline_visit_arm_1,,,15,172,,,,1,1,,,,,,,,,,,,,,,,,,,,
587,baseline_visit_arm_1,,,15,157,,,,5,0,,,,,,,,,,,,,,,,,,,,
588,baseline_visit_arm_1,,,15,151,,,,1,3,,,,,,,,,,,,,,,,,,,,
589,baseline_visit_arm_1,,,15,134,,,,1,1,,,,,,,,,,,,,,,,,,,,
590,baseline_visit_arm_1,,,15,454,,,,2,0,,,,,,,,,,,,,,,,,,,,
591,baseline_visit_arm_1,,,15,150,,,,1,4,,,,,,,,,,,,,,,,,,,,
592,baseline_visit_arm_1,,,15,144,,,,1,2,,,,,,,,,,,,,,,,,,,,
594,baseline_visit_arm_1,,,15,119,,,,1,3,,,,,,,,,,,,,,,,,,,,
595,baseline_visit_arm_1,,,15,140,,,,2,0,,,,,,,,,,,,,,,,,,,,
596,baseline_visit_arm_1,,,15,161,,,,2,1,,,,,,,,,,,,,,,,,,,,
597,baseline_visit_arm_1,,,15,463,,,,3,0,,,,,,,,,,,,,,,,,,,,
598,baseline_visit_arm_1,,,15,131,,,,0,2,,,,,,,,,,,,,,,,,,,,
599,baseline_visit_arm_1,,,15,132,,,,0,1,,,,,,,,,,,,,,,,,,,,
600,baseline_visit_arm_1,,,15,116,,,,1,1,,,,,,,,,,,,,,,,,,,,
601,baseline_visit_arm_1,,,15,155,,,,4,1,,,,,,,,,,,,,,,,,,,,
602,baseline_visit_arm_1,,,15,160,,,,3,3,,,,,,,,,,,,,,,,,,,,
603,baseline_visit_arm_1,,,15,133,,,,1,1,,,,,,,,,,,,,,,,,,,,
604,baseline_visit_arm_1,,,15,137,,,,2,0,,,,,,,,,,,,,,,,,,,,
605,baseline_visit_arm_1,,,15,171,,,,5,0,,,,,,,,,,,,,,,,,,,,
606,baseline_visit_arm_1,,,15,453,,,,1,0,,,,,,,,,,,,,,,,,,,,
607,baseline_visit_arm_1,,,15,147,,,,4,0,,,,,,,,,,,,,,,,,,,,
608,baseline_visit_arm_1,,,15,143,,,,2,0,,,,,,,,,,,,,,,,,,,,
609,baseline_visit_arm_1,,,15,455,,,,2,1,,,,,,,,,,,,,,,,,,,,
610,baseline_visit_arm_1,,,15,125,,,,4,0,,,,,,,,,,,,,,,,,,,,
611,baseline_visit_arm_1,,,15,158,,,,0,2,,,,,,,,,,,,,,,,,,,,
612,baseline_visit_arm_1,,,15,138,,,,6,2,,,,,,,,,,,,,,,,,,,,
613,baseline_visit_arm_1,,,15,170,,,,4,0,,,,,,,,,,,,,,,,,,,,
614,baseline_visit_arm_1,,,09,129,,,,2,1,,,,,,,,,,,,,,,,,,,,
615,baseline_visit_arm_1,,,09,134,,,,2,0,,,,,,,,,,,,,,,,,,,,
616,baseline_visit_arm_1,,,09,136,,,,2,0,,,,,,,,,,,,,,,,,,,,
617,baseline_visit_arm_1,,,09,123,,,,3,0,,,,,,,,,,,,,,,,,,,,
618,baseline_visit_arm_1,,,09,124,,,,1,0,,,,,,,,,,,,,,,,,,,,
619,baseline_visit_arm_1,,,09,126,,,,5,0,,,,,,,,,,,,,,,,,,,,
620,baseline_visit_arm_1,,,09,122,,,,4,2,,,,,,,,,,,,,,,,,,,,
621,baseline_visit_arm_1,,,09,200,,,,2,0,,,,,,,,,,,,,,,,,,,,
622,baseline_visit_arm_1,,,09,133,,,,1,0,,,,,,,,,,,,,,,,,,,,
623,baseline_visit_arm_1,,,09,132,,,,1,3,,,,,,,,,,,,,,,,,,,,
624,baseline_visit_arm_1,,,09,131,,,,2,1,,,,,,,,,,,,,,,,,,,,
625,baseline_visit_arm_1,,,09,142,,,,2,0,,,,,,,,,,,,,,,,,,,,
626,baseline_visit_arm_1,,,09,125,,,,6,0,,,,,,,,,,,,,,,,,,,,
627,baseline_visit_arm_1,,,09,112,,,,4,0,,,,,,,,,,,,,,,,,,,,
628,baseline_visit_arm_1,,,09,452,,,,3,1,,,,,,,,,,,,,,,,,,,,
629,baseline_visit_arm_1,,,09,118,,,,2,0,,,,,,,,,,,,,,,,,,,,
630,baseline_visit_arm_1,,,09,106,,,,2,1,,,,,,,,,,,,,,,,,,,,
631,baseline_visit_arm_1,,,09,107,,,,1,1,,,,,,,,,,,,,,,,,,,,
632,baseline_visit_arm_1,,,09,159,,,,2,0,,,,,,,,,,,,,,,,,,,,
633,baseline_visit_arm_1,,,09,149,,,,3,0,,,,,,,,,,,,,,,,,,,,
634,baseline_visit_arm_1,,,09,140,,,,2,0,,,,,,,,,,,,,,,,,,,,
635,baseline_visit_arm_1,,,09,453,,,,6,2,,,,,,,,,,,,,,,,,,,,
637,baseline_visit_arm_1,,,09,163,,,,4,0,,,,,,,,,,,,,,,,,,,,
638,baseline_visit_arm_1,,,09,151,,,,2,2,,,,,,,,,,,,,,,,,,,,
639,baseline_visit_arm_1,,,09,457,,,,1,1,,,,,,,,,,,,,,,,,,,,
640,baseline_visit_arm_1,,,09,117,,,,1,0,,,,,,,,,,,,,,,,,,,,
641,baseline_visit_arm_1,,,09,109,,,,1,0,,,,,,,,,,,,,,,,,,,,
642,baseline_visit_arm_1,,,09,103,,,,2,0,,,,,,,,,,,,,,,,,,,,
643,baseline_visit_arm_1,,,09,108,,,,2,0,,,,,,,,,,,,,,,,,,,,
644,baseline_visit_arm_1,,,09,135,,,,1,0,,,,,,,,,,,,,,,,,,,,
645,baseline_visit_arm_1,,,09,145,,,,3,2,,,,,,,,,,,,,,,,,,,,
646,baseline_visit_arm_1,,,09,456,,,,1,0,,,,,,,,,,,,,,,,,,,,
647,baseline_visit_arm_1,,,09,146,,,,0,2,,,,,,,,,,,,,,,,,,,,
648,baseline_visit_arm_1,,,09,147,,,,3,0,,,,,,,,,,,,,,,,,,,,
649,baseline_visit_arm_1,,,09,455,,,,1,3,,,,,,,,,,,,,,,,,,,,
650,baseline_visit_arm_1,,,09,148,,,,1,0,,,,,,,,,,,,,,,,,,,,
651,baseline_visit_arm_1,,,09,154,,,,1,0,,,,,,,,,,,,,,,,,,,,
652,baseline_visit_arm_1,,,09,138,,,,0,2,,,,,,,,,,,,,,,,,,,,
653,baseline_visit_arm_1,,,09,113,,,,1,0,,,,,,,,,,,,,,,,,,,,
654,baseline_visit_arm_1,,,09,111,,,,2,0,,,,,,,,,,,,,,,,,,,,
655,baseline_visit_arm_1,,,09,115,,,,0,1,,,,,,,,,,,,,,,,,,,,
656,baseline_visit_arm_1,,,09,104,,,,0,2,,,,,,,,,,,,,,,,,,,,
657,baseline_visit_arm_1,,,09,130,,,,0,3,,,,,,,,,,,,,,,,,,,,
658,baseline_visit_arm_1,,,09,162,,,,,,,,,,,,,,,,,,,,,,,,,
659,baseline_visit_arm_1,,,09,160,,,,2,1,,,,,,,,,,,,,,,,,,,,
660,baseline_visit_arm_1,,,09,155,,,,1,0,,,,,,,,,,,,,,,,,,,,
661,baseline_visit_arm_1,,,09,451,,,,1,0,,,,,,,,,,,,,,,,,,,,
662,baseline_visit_arm_1,,,09,161,,,,5,3,,,,,,,,,,,,,,,,,,,,
663,baseline_visit_arm_1,,,16,450,1,,,0,10,99,"Creencias religiosas",99,"Creencias religiosas",99,"Creencias religiosas",99,"Creencias religiosas",99,"Creencias religiosas",99,"Creencias religiosas",99,"Creencias religiosas",99,"Creencias religiosas",99,"Creencias religiosas",99,"Creencias religiosas"
664,baseline_visit_arm_1,,,16,108,1,,,2,2,99,"Papa ausente",99,"De viaje",,,,,,,,,,,,,,,,
665,baseline_visit_arm_1,,,16,119,1,,,1,0,,,,,,,,,,,,,,,,,,,,
666,baseline_visit_arm_1,,,16,457,1,,,4,0,,,,,,,,,,,,,,,,,,,,
667,baseline_visit_arm_1,,,16,109,1,,,1,0,,,,,,,,,,,,,,,,,,,,
668,baseline_visit_arm_1,,,16,454,1,,,6,0,,,,,,,,,,,,,,,,,,,,
669,baseline_visit_arm_1,,,16,118,1,,,0,6,3,,3,,3,,3,,3,,3,,,,,,,,,
670,baseline_visit_arm_1,,,16,116,1,,,0,2,99,"De viaje",99,"De viaje",,,,,,,,,,,,,,,,
671,baseline_visit_arm_1,,,16,102,1,,,0,2,5,,5,,,,,,,,,,,,,,,,,
672,baseline_visit_arm_1,,,16,101,2,99,"Se fueron de viaje",0,,,,,,,,,,,,,,,,,,,,,
673,baseline_visit_arm_1,,,16,104,1,,,0,2,1,,1,,,,,,,,,,,,,,,,,
674,baseline_visit_arm_1,,,16,107,1,,,1,3,99,"No se encuentra",99,"Papá no está",99,"Papá no está",,,,,,,,,,,,,,
675,baseline_visit_arm_1,,,16,114,1,,,4,0,,,,,,,,,,,,,,,,,,,,
676,baseline_visit_arm_1,,,16,141,1,,,0,4,5,,5,,5,,5,,,,,,,,,,,,,
677,baseline_visit_arm_1,,,16,143,1,,,1,4,1,,99,"Padre sin DNI",99,"Padre sin DNI",99,"Padre sin DNI",,,,,,,,,,,,
678,baseline_visit_arm_1,,,16,555,1,,,1,4,5,,99,"Padre ausente",99,"Padre ausente",99,"Padre ausente",,,,,,,,,,,,
679,baseline_visit_arm_1,,,16,552,1,,,3,1,99,"Menor de edad con Síndrome de Down",,,,,,,,,,,,,,,,,,
680,baseline_visit_arm_1,,,16,146,1,,,2,0,,,,,,,,,,,,,,,,,,,,
681,baseline_visit_arm_1,,,16,554,1,,,2,0,,,,,,,,,,,,,,,,,,,,
682,baseline_visit_arm_1,,,16,122,1,,,1,1,,,,,,,,,,,,,,,,,,,,
683,baseline_visit_arm_1,,,16,154,1,,,1,0,,,,,,,,,,,,,,,,,,,,
684,baseline_visit_arm_1,,,16,155,1,,,2,2,3,,3,,,,,,,,,,,,,,,,,
685,baseline_visit_arm_1,,,16,153,1,,,1,1,99,"Se fue de viaje",,,,,,,,,,,,,,,,,,
686,baseline_visit_arm_1,,,16,150,1,,,2,0,,,,,,,,,,,,,,,,,,,,
687,baseline_visit_arm_1,,,16,556,1,,,3,0,,,,,,,,,,,,,,,,,,,,
688,baseline_visit_arm_1,,,16,138,1,,,3,0,,,,,,,,,,,,,,,,,,,,
689,baseline_visit_arm_1,,,16,132,1,,,1,0,,,,,,,,,,,,,,,,,,,,
690,baseline_visit_arm_1,,,16,156,1,,,2,0,,,,,,,,,,,,,,,,,,,,
691,baseline_visit_arm_1,,,16,151,1,,,1,0,,,,,,,,,,,,,,,,,,,,
692,baseline_visit_arm_1,,,16,149,1,,,1,1,99,"Padre ausente",,,,,,,,,,,,,,,,,,
693,baseline_visit_arm_1,,,16,553,1,,,1,2,99,Viaje,99,Viaje,,,,,,,,,,,,,,,,
694,baseline_visit_arm_1,,,16,135,1,,,2,1,99,"Padre ausente",,,,,,,,,,,,,,,,,,
695,baseline_visit_arm_1,,,16,115,1,,,4,0,,,,,,,,,,,,,,,,,,,,
696,baseline_visit_arm_1,,,16,105,2,99,"Son religiosos",,,,,,,,,,,,,,,,,,,,,,
697,baseline_visit_arm_1,,,16,455,1,,,3,1,99,"Menor de 6 meses",,,,,,,,,,,,,,,,,,
698,baseline_visit_arm_1,,,16,456,1,,,2,0,,,,,,,,,,,,,,,,,,,,
699,baseline_visit_arm_1,,,16,551,1,,,6,1,3,,,,,,,,,,,,,,,,,,,
700,baseline_visit_arm_1,,,16,550,1,,,3,0,,,,,,,,,,,,,,,,,,,,
701,baseline_visit_arm_1,,,16,1458,1,,,1,0,,,,,,,,,,,,,,,,,,,,
702,baseline_visit_arm_1,,,16,130,1,,,3,0,,,,,,,,,,,,,,,,,,,,
703,baseline_visit_arm_1,,,16,129,1,,,1,0,,,,,,,,,,,,,,,,,,,,
704,baseline_visit_arm_1,,,16,110,1,,,1,3,99,"El padre esta ausente",99,"El padre esta ausente",99,"El padre esta ausente",,,,,,,,,,,,,,
705,baseline_visit_arm_1,,,16,111,2,99,"No tenian DNI",0,,,,,,,,,,,,,,,,,,,,,
706,baseline_visit_arm_1,,,16,112,1,,,1,0,,,,,,,,,,,,,,,,,,,,
707,baseline_visit_arm_1,,,16,123,1,,,2,1,99,"Persona con habilidades especiales",,,,,,,,,,,,,,,,,,
708,baseline_visit_arm_1,,,16,124,1,,,3,0,,,,,,,,,,,,,,,,,,,,
709,baseline_visit_arm_1,,,16,145,1,,,1,2,99,"No se encuentran en la comunidad",99,"No se encuentran en la comunidad",,,,,,,,,,,,,,,,
710,baseline_visit_arm_1,,,16,120,1,,,2,0,,,,,,,,,,,,,,,,,,,,
711,baseline_visit_arm_1,,,16,106,1,,,2,3,99,"Padres no desearon que participe hija meyor dentro del proyecto",99,"Padres no desearon que participe hijo intermedio",99,"Padres nodesearon que participe hijo menor",,,,,,,,,,,,,,
712,baseline_visit_arm_1,,,16,126,1,,,1,1,99,"La esposa se encuentra de viaje , regresa en tres dias despúes de la intervención",,,,,,,,,,,,,,,,,,
713,baseline_visit_arm_1,,,16,133,1,,,4,2,5,,3,,,,,,,,,,,,,,,,,
714,baseline_visit_arm_1,,,16,452,1,,,0,2,1,,99,"Esposo no se fue de viaje",,,,,,,,,,,,,,,,
715,baseline_visit_arm_1,,,16,453,1,,,0,1,1,,,,,,,,,,,,,,,,,,,
716,baseline_visit_arm_1,,,17,113,1,,,3,2,1,,1,,,,,,,,,,,,,,,,,
717,baseline_visit_arm_1,,,17,111,1,,,1,3,99,"Padre ausente",99,"Padre ausente",99,"Padre ausente",,,,,,,,,,,,,,
718,baseline_visit_arm_1,,,17,110,1,,,1,0,,,,,,,,,,,,,,,,,,,,
719,baseline_visit_arm_1,,,17,125,1,,,1,6,1,,5,,5,,5,,5,,5,,,,,,,,,
720,baseline_visit_arm_1,,,17,124,1,,,1,4,1,,1,,3,,3,,,,,,,,,,,,,
721,baseline_visit_arm_1,,,17,122,1,,,1,1,5,,,,,,,,,,,,,,,,,,,
722,baseline_visit_arm_1,,,17,112,1,,,2,0,,,,,,,,,,,,,,,,,,,,
724,baseline_visit_arm_1,,,17,119,1,,,3,2,99,"Padre ausente",99,"Padre ausente",,,,,,,,,,,,,,,,
725,baseline_visit_arm_1,,,17,450,1,,,4,0,,,,,,,,,,,,,,,,,,,,
726,baseline_visit_arm_1,,,17,128,1,,,1,4,99,"Padre ausente",99,"Padre ausente",99,"Padre ausente",99,"Padre ausente",,,,,,,,,,,,
727,baseline_visit_arm_1,,,17,114,1,,,2,3,99,"Padre de familia de viaje",99,"De viaje con su papá",99,"De viaje con su papá",,,,,,,,,,,,,,
728,baseline_visit_arm_1,,,17,126,1,,,4,1,3,,,,,,,,,,,,,,,,,,,
729,baseline_visit_arm_1,,,17,102,1,,,0,5,5,,5,,5,,5,,5,,,,,,,,,,,
730,baseline_visit_arm_1,,,17,453,1,,,1,0,,,,,,,,,,,,,,,,,,,,
731,baseline_visit_arm_1,,,17,115,1,,,1,1,1,,,,,,,,,,,,,,,,,,,
732,baseline_visit_arm_1,,,17,130,1,,,1,0,,,,,,,,,,,,,,,,,,,,
733,baseline_visit_arm_1,,,17,464,1,,,1,1,2,,,,,,,,,,,,,,,,,,,
734,baseline_visit_arm_1,,,17,463,1,,,1,6,99,Viaje,3,,3,,3,,3,,3,,,,,,,,,
735,baseline_visit_arm_1,,,17,465,1,,,1,3,99,Viaje,3,,3,,,,,,,,,,,,,,,
736,baseline_visit_arm_1,,,17,101,1,,,1,1,99,"Esta de viaje",,,,,,,,,,,,,,,,,,
737,baseline_visit_arm_1,,,17,455,1,,,2,3,1,,1,,1,,,,,,,,,,,,,,,
738,baseline_visit_arm_1,,,17,451,1,,,0,1,99,"Viajara y no regresara",,,,,,,,,,,,,,,,,,
739,baseline_visit_arm_1,,,17,201,1,,,5,1,1,,,,,,,,,,,,,,,,,,,
740,baseline_visit_arm_1,,,17,459,1,,,5,3,99,"Padre ausente",99,"Padre ausente",99,"Padre ausente",,,,,,,,,,,,,,
741,baseline_visit_arm_1,,,17,117,1,,,3,1,3,,,,,,,,,,,,,,,,,,,
743,baseline_visit_arm_1,,,17,109,1,,,2,0,,,,,,,,,,,,,,,,,,,,
744,baseline_visit_arm_1,,,17,123,1,,,1,0,,,,,,,,,,,,,,,,,,,,
745,baseline_visit_arm_1,,,17,462,1,,,2,0,,,,,,,,,,,,,,,,,,,,
746,baseline_visit_arm_1,,,17,452,1,,,3,0,,,,,,,,,,,,,,,,,,,,
747,baseline_visit_arm_1,,,17,460,1,,,3,0,,,,,,,,,,,,,,,,,,,,
748,baseline_visit_arm_1,,,17,461,1,,,4,3,99,"Estudia en Iquitos",99,"Padre ausente",99,"Padre ausente",,,,,,,,,,,,,,
749,baseline_visit_arm_1,,,17,456,1,,,5,0,,,,,,,,,,,,,,,,,,,,
750,baseline_visit_arm_1,,,17,466,1,,,4,1,99,"Menor de edad y la mamá falleció",,,,,,,,,,,,,,,,,,
751,baseline_visit_arm_1,,,17,102,1,,,0,5,5,,5,,5,,5,,5,,,,,,,,,,,
754,baseline_visit_arm_1,,,17,121,1,,,6,0,,,,,,,,,,,,,,,,,,,,
755,baseline_visit_arm_1,,,17,120,1,,,6,0,,,,,,,,,,,,,,,,,,,,
756,baseline_visit_arm_1,,,27,120,1,,,2,2,3,,3,,,,,,,,,,,,,,,,,
757,baseline_visit_arm_1,,,27,115,1,,,4,0,,,,,,,,,,,,,,,,,,,,
758,baseline_visit_arm_1,,,27,140,1,,,2,1,3,,,,,,,,,,,,,,,,,,,
759,baseline_visit_arm_1,,,27,112,1,,,2,0,,,,,,,,,,,,,,,,,,,,
760,baseline_visit_arm_1,,,27,456,1,,,1,3,99,"Papá de viaje por motivo de trabajo",99,"Menor de edad",99,"Menor de edad",,,,,,,,,,,,,,
761,baseline_visit_arm_1,,,27,111,2,99,"Por el pensamiento de que no tuvieron malaria y que no es necesario para ellos",,,,,,,,,,,,,,,,,,,,,,
762,baseline_visit_arm_1,,,27,103,1,,,5,2,3,,3,,,,,,,,,,,,,,,,,
763,baseline_visit_arm_1,,,27,129,1,,,0,6,99,"Motivos religiosos",99,"Motivos religiosos",99,"Motivos religiosos",99,"Motivos religiosos",99,"Motivos religiosos",99,"Motivos religiosos",,,,,,,,
764,baseline_visit_arm_1,,,27,463,1,,,1,1,3,,,,,,,,,,,,,,,,,,,
765,baseline_visit_arm_1,,,27,459,1,,,2,2,3,,3,,,,,,,,,,,,,,,,,
766,baseline_visit_arm_1,,,27,451,1,,,2,3,99,"Padre ausente",99,"Padre ausente ",99,"Padre ausente",,,,,,,,,,,,,,
767,baseline_visit_arm_1,,,27,453,1,,,1,0,,,,,,,,,,,,,,,,,,,,
768,baseline_visit_arm_1,,,27,450,1,,,1,0,,,,,,,,,,,,,,,,,,,,
769,baseline_visit_arm_1,,,27,130,1,,,1,1,99,Viaje,,,,,,,,,,,,,,,,,,
770,baseline_visit_arm_1,,,27,106,1,,,2,1,3,,,,,,,,,,,,,,,,,,,
771,baseline_visit_arm_1,,,27,116,1,,,1,1,2,,,,,,,,,,,,,,,,,,,
772,baseline_visit_arm_1,,,27,458,1,,,4,2,5,,3,,,,,,,,,,,,,,,,,
773,baseline_visit_arm_1,,,27,102,1,,,3,1,99,"Padre ausente",,,,,,,,,,,,,,,,,,
774,baseline_visit_arm_1,,,27,109,1,,,1,0,,,,,,,,,,,,,,,,,,,,
775,baseline_visit_arm_1,,,27,108,1,,,5,0,,,,,,,,,,,,,,,,,,,,
776,baseline_visit_arm_1,,,27,136,1,,,2,0,,,,,,,,,,,,,,,,,,,,
777,baseline_visit_arm_1,,,27,128,1,,,1,0,,,,,,,,,,,,,,,,,,,,
778,baseline_visit_arm_1,,,27,27118,1,,,1,0,,,,,,,,,,,,,,,,,,,,
779,baseline_visit_arm_1,,,27,127,1,,,0,5,99,"De viaje",99,"De viaje",99,"De viaje",99,"De viaje",99,"De viaje",,,,,,,,,,
780,baseline_visit_arm_1,,,27,117,1,,,0,4,5,,5,,5,,5,,,,,,,,,,,,,
781,baseline_visit_arm_1,,,27,123,1,,,2,0,,,,,,,,,,,,,,,,,,,,
782,baseline_visit_arm_1,,,27,131,1,,,6,0,,,,,,,,,,,,,,,,,,,,
783,baseline_visit_arm_1,,,27,105,1,,,1,3,5,,5,,5,,,,,,,,,,,,,,,
784,baseline_visit_arm_1,,,27,465,1,,,1,2,2,,3,,,,,,,,,,,,,,,,,
785,baseline_visit_arm_1,,,27,468,1,,,1,0,,,,,,,,,,,,,,,,,,,,
786,baseline_visit_arm_1,,,27,467,1,,,5,0,,,,,,,,,,,,,,,,,,,,
787,baseline_visit_arm_1,,,27,139,1,,,0,7,5,,5,,5,,5,,5,,5,,5,,,,,,,
788,baseline_visit_arm_1,,,27,122,1,,,0,12,5,,5,,5,,5,,5,,5,,5,,5,,5,,5,
789,baseline_visit_arm_1,,,27,114,1,,,1,1,99,"No quiso, no dió otro motivo",,,,,,,,,,,,,,,,,,
790,baseline_visit_arm_1,,,27,460,1,,,1,2,99,"En su chacra",99,"Menor de edad",,,,,,,,,,,,,,,,
791,baseline_visit_arm_1,,,27,132,1,,,1,3,99,"En su trabajo",99,"En su trabajo",99,"Menor de edad",,,,,,,,,,,,,,
792,baseline_visit_arm_1,,,27,125,1,,,1,0,,,,,,,,,,,,,,,,,,,,
793,baseline_visit_arm_1,,,27,127,1,,,5,0,,,,,,,,,,,,,,,,,,,,
794,baseline_visit_arm_1,,,27,135,1,,,0,5,5,,5,,5,,5,,5,,,,,,,,,,,
795,baseline_visit_arm_1,,,27,104,1,,,5,0,,,,,,,,,,,,,,,,,,,,
796,baseline_visit_arm_1,,,27,452,1,,,1,2,99,"Papa ausente",99,"Papa ausente",,,,,,,,,,,,,,,,
798,baseline_visit_arm_1,,,27,145,1,,,6,2,99,"Padre ausente",99,"Padre ausente",,,,,,,,,,,,,,,,
799,baseline_visit_arm_1,,,27,469,1,,,1,4,99,"Padre ausente",99,"Padre ausente",99,"Padre ausente",99,"Padre ausente",,,,,,,,,,,,
800,baseline_visit_arm_1,,,18,150,1,,,1,1,5,,,,,,,,,,,,,,,,,,,
801,baseline_visit_arm_1,,,18,109,1,,,1,7,1,,99,"El papá no tiene DNI",99,"El papá no tiene DNI",99,"El papá no tiene DNI",99,"El papá no tiene DNI",99,"El papá no tiene DNI",99,"El papá no tiene DNI",,,,,,
802,baseline_visit_arm_1,,,18,111,1,,,1,0,,,,,,,,,,,,,,,,,,,,
803,baseline_visit_arm_1,,,18,145,1,,,1,0,,,,,,,,,,,,,,,,,,,,
804,baseline_visit_arm_1,,,18,451,1,,,1,3,5,,5,,5,,,,,,,,,,,,,,,
805,baseline_visit_arm_1,,,18,133,1,,,2,0,,,,,,,,,,,,,,,,,,,,
806,baseline_visit_arm_1,,,18,135,1,,,1,0,,,,,,,,,,,,,,,,,,,,
807,baseline_visit_arm_1,,,18,450,1,,,5,0,,,,,,,,,,,,,,,,,,,,
808,baseline_visit_arm_1,,,18,453,1,,,3,0,,,,,,,,,,,,,,,,,,,,
809,baseline_visit_arm_1,,,18,152,1,,,6,0,,,,,,,,,,,,,,,,,,,,
810,baseline_visit_arm_1,,,18,123,1,,,1,4,3,,3,,3,,3,,,,,,,,,,,,,
811,baseline_visit_arm_1,,,18,454,1,,,1,0,,,,,,,,,,,,,,,,,,,,
812,baseline_visit_arm_1,,,18,129,1,,,5,0,,,,,,,,,,,,,,,,,,,,
813,baseline_visit_arm_1,,,18,128,1,,,1,0,,,,,,,,,,,,,,,,,,,,
814,baseline_visit_arm_1,,,18,118,1,,,3,3,99,"Padre de menor se encuntra de viaje",99,"Padre  de menor se encuentra de viaje",99,"Padre de menor se encuentra de viaje",,,,,,,,,,,,,,
815,baseline_visit_arm_1,,,18,151,1,,,2,0,,,,,,,,,,,,,,,,,,,,
816,baseline_visit_arm_1,,,18,122,1,,,6,0,,,,,,,,,,,,,,,,,,,,
817,baseline_visit_arm_1,,,18,107,1,,,4,0,,,,,,,,,,,,,,,,,,,,
818,baseline_visit_arm_1,,,18,112,1,,,1,3,3,,3,,3,,,,,,,,,,,,,,,
819,baseline_visit_arm_1,,,18,455,1,,,2,1,7,,,,,,,,,,,,,,,,,,,
820,baseline_visit_arm_1,,,18,142,1,,,3,0,,,,,,,,,,,,,,,,,,,,
821,baseline_visit_arm_1,,,18,106,1,,,1,5,1,,1,,1,,1,,1,,,,,,,,,,,
822,baseline_visit_arm_1,,,18,101,1,,,2,1,3,,,,,,,,,,,,,,,,,,,
823,baseline_visit_arm_1,,,18,103,1,,,1,0,,,,,,,,,,,,,,,,,,,,
824,baseline_visit_arm_1,,,18,104,1,,,1,4,1,,3,,3,,3,,,,,,,,,,,,,
825,baseline_visit_arm_1,,,18,147,1,,,1,1,5,,,,,,,,,,,,,,,,,,,
826,baseline_visit_arm_1,,,18,154,1,,,2,0,,,,,,,,,,,,,,,,,,,,
827,baseline_visit_arm_1,,,18,452,1,,,4,1,99,"Padre ausente",,,,,,,,,,,,,,,,,,
828,baseline_visit_arm_1,,,12,110,1,,,6,1,3,,,,,,,,,,,,,,,,,,,
829,baseline_visit_arm_1,,,12,113,1,,,2,1,99,"No se encuentra",,,,,,,,,,,,,,,,,,
830,baseline_visit_arm_1,,,12,111,1,,,2,1,7,,,,,,,,,,,,,,,,,,,
831,baseline_visit_arm_1,,,12,101,1,,,4,0,,,,,,,,,,,,,,,,,,,,
832,baseline_visit_arm_1,,,12,104,1,,,2,1,2,,,,,,,,,,,,,,,,,,,
833,baseline_visit_arm_1,,,12,102,1,,,2,0,,,,,,,,,,,,,,,,,,,,
834,baseline_visit_arm_1,,,12,146,1,,,3,0,,,,,,,,,,,,,,,,,,,,
835,baseline_visit_arm_1,,,12,144,1,,,3,0,,,,,,,,,,,,,,,,,,,,
836,baseline_visit_arm_1,,,12,145,1,,,0,1,5,,,,,,,,,,,,,,,,,,,
837,baseline_visit_arm_1,,,12,119,1,,,2,0,,,,,,,,,,,,,,,,,,,,
838,baseline_visit_arm_1,,,12,149,1,,,1,0,,,,,,,,,,,,,,,,,,,,
839,baseline_visit_arm_1,,,12,150,1,,,3,1,5,,,,,,,,,,,,,,,,,,,
840,baseline_visit_arm_1,,,12,154,1,,,1,0,,,,,,,,,,,,,,,,,,,,
841,baseline_visit_arm_1,,,12,148,2,99,"Se negaron participar al proyecto",,,,,,,,,,,,,,,,,,,,,,
842,baseline_visit_arm_1,,,12,152,1,,,6,0,,,,,,,,,,,,,,,,,,,,
843,baseline_visit_arm_1,,,12,153,1,,,4,0,,,,,,,,,,,,,,,,,,,,
844,baseline_visit_arm_1,,,12,251,1,,,5,0,,,,,,,,,,,,,,,,,,,,
845,baseline_visit_arm_1,,,12,159,1,,,4,0,,,,,,,,,,,,,,,,,,,,
846,baseline_visit_arm_1,,,12,105,1,,,3,3,99,"Esta en el centro de la ciudad de Iquitos",99,"Esta en el centro de la ciudad de Iquitos",99,"Esta en el centro de la ciudad de Iquitos",,,,,,,,,,,,,,
847,baseline_visit_arm_1,,,12,158,1,,,2,0,,,,,,,,,,,,,,,,,,,,
848,baseline_visit_arm_1,,,12,157,1,,,1,6,99,"Menor de edad que no vive con su mamá",99,"Menor de edad que no vive con su papá",99,"No estaba en casa",99,"No estaba en casa",99,"No estaba en casa",99,"No estaba en casa",,,,,,,,
849,baseline_visit_arm_1,,,12,156,1,,,5,1,3,,,,,,,,,,,,,,,,,,,
850,baseline_visit_arm_1,,,12,127,1,,,1,2,1,,3,,,,,,,,,,,,,,,,,
851,baseline_visit_arm_1,,,12,140,1,,,3,0,,,,,,,,,,,,,,,,,,,,
852,baseline_visit_arm_1,,,12,123,1,,,1,2,99,"Estan en iquitos",99,"Estan en iquitos",,,,,,,,,,,,,,,,
853,baseline_visit_arm_1,,,12,455,1,,,6,1,5,,,,,,,,,,,,,,,,,,,
854,baseline_visit_arm_1,,,12,147,1,,,4,0,,,,,,,,,,,,,,,,,,,,
855,baseline_visit_arm_1,,,12,143,1,,,3,0,,,,,,,,,,,,,,,,,,,,
856,baseline_visit_arm_1,,,12,161,1,,,3,1,3,,,,,,,,,,,,,,,,,,,
857,baseline_visit_arm_1,,,12,125,1,,,1,4,1,,99,"El padre no tiene DNI",99,"El padre no tiene DNI",99,"El padre no tiene DNI",,,,,,,,,,,,
858,baseline_visit_arm_1,,,12,454,1,,,1,2,99,"Padre Ausente",99,"Padre Ausente",,,,,,,,,,,,,,,,
859,baseline_visit_arm_1,,,12,160,1,,,7,0,,,,,,,,,,,,,,,,,,,,
860,baseline_visit_arm_1,,,12,126,1,,,1,0,,,,,,,,,,,,,,,,,,,,
862,baseline_visit_arm_1,,,12,129,1,,,3,2,3,,99,"Menor de edad sin mamá",,,,,,,,,,,,,,,,
863,baseline_visit_arm_1,,,12,400,1,,,3,0,,,,,,,,,,,,,,,,,,,,
864,baseline_visit_arm_1,,,12,118,1,,,3,0,,,,,,,,,,,,,,,,,,,,
865,baseline_visit_arm_1,,,12,116,1,,,3,0,,,,,,,,,,,,,,,,,,,,
866,baseline_visit_arm_1,,,12,135,1,,,2,0,,,,,,,,,,,,,,,,,,,,
867,baseline_visit_arm_1,,,12,136,1,,,2,1,3,,,,,,,,,,,,,,,,,,,
869,baseline_visit_arm_1,,,12,450,1,,,3,2,99,"Niño de un mes",99,"No es el padre biológico",,,,,,,,,,,,,,,,
870,baseline_visit_arm_1,,,12,115,1,,,4,0,,,,,,,,,,,,,,,,,,,,
871,baseline_visit_arm_1,,,12,124,1,,,2,3,3,,3,,99,"Se encuentra fuera de la comunidad . ",,,,,,,,,,,,,,
872,baseline_visit_arm_1,,,12,128,1,,,2,3,99,"Padre se encuentra fuera de la comunidad",99,"No se encuntra el padre de la menor",99,"No se encuentra el padre del menor",,,,,,,,,,,,,,
873,baseline_visit_arm_1,,,12,453,1,,,6,1,99,"Padre biologico ausente",,,,,,,,,,,,,,,,,,
874,baseline_visit_arm_1,,,12,456,1,,,3,1,3,,,,,,,,,,,,,,,,,,,
875,baseline_visit_arm_1,,,12,137,1,,,2,0,,,,,,,,,,,,,,,,,,,,
876,baseline_visit_arm_1,,,12,141,1,,,5,0,,,,,,,,,,,,,,,,,,,,
877,baseline_visit_arm_1,,,12,132,1,,,3,3,1,,1,,1,,,,,,,,,,,,,,,
878,baseline_visit_arm_1,,,12,452,1,,,1,3,2,,2,,2,,,,,,,,,,,,,,,
879,baseline_visit_arm_1,,,12,117,1,,,2,2,3,,3,,,,,,,,,,,,,,,,,
881,baseline_visit_arm_1,,,12,106,2,1,,,,,,,,,,,,,,,,,,,,,,,
882,baseline_visit_arm_1,,,12,131,2,99,Viaje,,,,,,,,,,,,,,,,,,,,,,
883,baseline_visit_arm_1,,,29,126,1,,,3,1,99,"Padre ausente",,,,,,,,,,,,,,,,,,
884,baseline_visit_arm_1,,,29,130,1,,,6,0,,,,,,,,,,,,,,,,,,,,
885,baseline_visit_arm_1,,,29,139,1,,,1,2,99,"Madre fallecida",99,"Madre fallecida",,,,,,,,,,,,,,,,
886,baseline_visit_arm_1,,,29,106,1,,,5,0,,,,,,,,,,,,,,,,,,,,
887,baseline_visit_arm_1,,,29,450,1,,,1,3,99,"De viaje por motivo de trabajo",99,"Menor de edad ",99,"Menor de edad",,,,,,,,,,,,,,
888,baseline_visit_arm_1,,,29,134,1,,,1,4,99,"No está en casa por motivo de trabajo",99,"Hijo menor de edad",99,"Hijo menor de edad",99,"Hija menor de edad",,,,,,,,,,,,
889,baseline_visit_arm_1,,,29,460,1,,,1,4,99,"Papá no está en casa por motivo de trabajo",99,"Hija menor de edad",99,"Hijo menor de edad",99,"Hijo menor de edad",,,,,,,,,,,,
890,baseline_visit_arm_1,,,29,104,1,,,0,1,99,"Enfermedad congénita",,,,,,,,,,,,,,,,,,
891,baseline_visit_arm_1,,,29,119,1,,,1,3,2,,3,,3,,,,,,,,,,,,,,,
892,baseline_visit_arm_1,,,29,457,1,,,2,1,3,,,,,,,,,,,,,,,,,,,
893,baseline_visit_arm_1,,,29,123,1,,,2,1,5,,,,,,,,,,,,,,,,,,,
894,baseline_visit_arm_1,,,29,125,1,,,3,1,5,,,,,,,,,,,,,,,,,,,
895,baseline_visit_arm_1,,,29,115,1,,,4,1,99,"No es padre biologico del menor",,,,,,,,,,,,,,,,,,
896,baseline_visit_arm_1,,,29,111,1,,,8,2,99,"Hija mayor se encuentra en la ciudad estudiando",3,,,,,,,,,,,,,,,,,
897,baseline_visit_arm_1,,,29,110,1,,,2,0,,,,,,,,,,,,,,,,,,,,
898,baseline_visit_arm_1,,,29,116,1,,,2,0,,,,,,,,,,,,,,,,,,,,
899,baseline_visit_arm_1,,,29,136,1,,,2,0,,,,,,,,,,,,,,,,,,,,
900,baseline_visit_arm_1,,,29,113,1,,,5,2,1,,1,,,,,,,,,,,,,,,,,
901,baseline_visit_arm_1,,,29,456,1,,,2,3,2,,2,,2,,,,,,,,,,,,,,,
902,baseline_visit_arm_1,,,29,459,1,,,2,0,,,,,,,,,,,,,,,,,,,,
903,baseline_visit_arm_1,,,29,109,1,,,1,0,,,,,,,,,,,,,,,,,,,,
904,baseline_visit_arm_1,,,29,453,2,99,"No quieren tomar pastilla",,0,,,,,,,,,,,,,,,,,,,,
905,baseline_visit_arm_1,,,29,454,1,,,2,1,2,,,,,,,,,,,,,,,,,,,
906,baseline_visit_arm_1,,,29,117,1,,,2,1,99,"Papá fallecio",,,,,,,,,,,,,,,,,,
907,baseline_visit_arm_1,,,29,300,1,,,1,0,,,,,,,,,,,,,,,,,,,,
908,baseline_visit_arm_1,,,29,102,1,,,2,0,,,,,,,,,,,,,,,,,,,,
909,baseline_visit_arm_1,,,29,124,1,,,1,1,5,,,,,,,,,,,,,,,,,,,
910,baseline_visit_arm_1,,,29,114,1,,,2,5,3,,3,,3,,3,,3,,,,,,,,,,,
911,baseline_visit_arm_1,,,29,112,2,1,,,,,,,,,,,,,,,,,,,,,,,
912,baseline_visit_arm_1,,,29,458,2,1,,,,,,,,,,,,,,,,,,,,,,,
913,baseline_visit_arm_1,,,29,122,2,1,,,,,,,,,,,,,,,,,,,,,,,
914,baseline_visit_arm_1,,,29,120,1,,,3,0,,,,,,,,,,,,,,,,,,,,
915,baseline_visit_arm_1,,,29,133,1,,,1,0,,,,,,,,,,,,,,,,,,,,
916,baseline_visit_arm_1,,,29,127,1,,,0,1,99,Enfermedad,,,,,,,,,,,,,,,,,,
917,baseline_visit_arm_1,,,29,135,2,99,Viaje,,,,,,,,,,,,,,,,,,,,,,
918,baseline_visit_arm_1,,,29,453,1,,,2,0,,,,,,,,,,,,,,,,,,,,
920,baseline_visit_arm_1,,,29,461,1,,,1,1,2,,,,,,,,,,,,,,,,,,,
921,baseline_visit_arm_1,,,14,110,1,,,5,2,2,,2,,,,,,,,,,,,,,,,,
922,baseline_visit_arm_1,,,14,129,1,,,1,0,,,,,,,,,,,,,,,,,,,,
923,baseline_visit_arm_1,,,14,120,1,,,1,3,3,,3,,3,,,,,,,,,,,,,,,
924,baseline_visit_arm_1,,,14,115,1,,,4,0,,,,,,,,,,,,,,,,,,,,
925,baseline_visit_arm_1,,,14,124,1,,,2,0,,,,,,,,,,,,,,,,,,,,
926,baseline_visit_arm_1,,,14,125,1,,,6,0,,,,,,,,,,,,,,,,,,,,
927,baseline_visit_arm_1,,,14,452,1,,,1,1,2,,,,,,,,,,,,,,,,,,,
928,baseline_visit_arm_1,,,14,102,1,,,1,3,3,,3,,3,,,,,,,,,,,,,,,
929,baseline_visit_arm_1,,,14,101,1,,,7,1,1,,,,,,3,,3,,3,,,,,,,,,
930,baseline_visit_arm_1,,,14,450,1,,,2,1,3,,,,,,,,,,,,,,,,,,,
931,baseline_visit_arm_1,,,14,130,1,,,1,1,2,,,,,,,,,,,,,,,,,,,
932,baseline_visit_arm_1,,,14,105,1,,,2,0,,,,,,,,,,,,,,,,,,,,
933,baseline_visit_arm_1,,,14,123,1,,,2,0,,,,,,,,,,,,,,,,,,,,
934,baseline_visit_arm_1,,,14,126,1,,,1,6,3,,3,,3,,3,,3,,3,,,,,,,,,
935,baseline_visit_arm_1,,,14,127,1,,,2,1,99,"Esta en iquitos",,,,,,,,,,,,,,,,,,
936,baseline_visit_arm_1,,,14,451,1,,,1,1,3,,,,,,,,,,,,,,,,,,,
937,baseline_visit_arm_1,,,14,107,1,,,6,0,,,,,,,,,,,,,,,,,,,,
938,baseline_visit_arm_1,,,14,109,1,,,4,0,,,,,,,,,,,,,,,,,,,,
939,baseline_visit_arm_1,,,14,128,1,,,3,0,,,,,,,,,,,,,,,,,,,,
940,baseline_visit_arm_1,,,14,108,1,,,1,0,,,,,,,,,,,,,,,,,,,,
941,baseline_visit_arm_1,,,14,114,1,,,8,0,,,,,,,,,,,,,,,,,,,,
942,baseline_visit_arm_1,,,14,112,1,,,6,0,,,,,,,,,,,,,,,,,,,,
943,baseline_visit_arm_1,,,14,111,1,,,3,0,,,,,,,,,,,,,,,,,,,,
944,baseline_visit_arm_1,,,14,117,1,,,1,0,,,,,,,,,,,,,,,,,,,,
945,baseline_visit_arm_1,,,14,104,1,,,2,0,,,,,,,,,,,,,,,,,,,,
946,baseline_visit_arm_1,,,14,122,1,,,2,0,,,,,,,,,,,,,,,,,,,,
947,baseline_visit_arm_1,,,14,121,1,,,7,0,,,,,,,,,,,,,,,,,,,,
948,baseline_visit_arm_1,,,14,116,1,,,7,2,99,"Madre ausente",99,"Madre ausente",,,,,,,,,,,,,,,,
949,baseline_visit_arm_1,,,14,137,1,,,1,0,,,,,,,,,,,,,,,,,,,,
950,baseline_visit_arm_1,,,14,136,1,,,1,0,,,,,,,,,,,,,,,,,,,,
951,baseline_visit_arm_1,,,14,144,1,,,5,0,,,,,,,,,,,,,,,,,,,,
952,baseline_visit_arm_1,,,14,131,1,,,4,1,1,,,,,,,,,,,,,,,,,,,
953,baseline_visit_arm_1,,,14,133,1,,,2,4,5,,99,"No vive com su padre biológico",99,"No vive con su padre biólogico",99,"No vive con su padre biólogico",,,,,,,,,,,,
954,baseline_visit_arm_1,,,14,146,1,,,5,0,,,,,,,,,,,,,,,,,,,,
955,baseline_visit_arm_1,,,14,454,1,,,1,1,3,,,,,,,,,,,,,,,,,,,
956,baseline_visit_arm_1,,,14,139,1,,,1,5,1,,3,,3,,3,,3,,,,,,,,,,,
957,baseline_visit_arm_1,,,14,459,1,,,4,0,,,,,,,,,,,,,,,,,,,,
958,baseline_visit_arm_1,,,14,457,1,,,1,4,2,,3,,3,,3,,,,,,,,,,,,,
960,baseline_visit_arm_1,,,14,143,1,,,3,1,99,"Padre Ausente",,,,,,,,,,,,,,,,,,
961,baseline_visit_arm_1,,,14,147,1,,,3,0,,,,,,,,,,,,,,,,,,,,
962,baseline_visit_arm_1,,,14,140,1,,,2,0,,,,,,,,,,,,,,,,,,,,
963,baseline_visit_arm_1,,,14,142,1,,,1,1,99,"No tramito nunca su dni",,,,,,,,,,,,,,,,,,
964,baseline_visit_arm_1,,,14,141,1,,,1,6,99,"El jefe del hogar se encuentra de viaje por un mes ",99,"Padre del menor esta de viaje",99,"Padre del menor esta de viaje",99,"Padre del menor esta de viaje",99,"Padre del menor esta de viaje",99,"Padre del menor esta de viaje",,,,,,,,
965,baseline_visit_arm_1,,,14,145,1,,,1,0,,,,,,,,,,,,,,,,,,,,
970,baseline_visit_arm_1,,,24,111,1,,,2,2,3,,3,,,,,,,,,,,,,,,,,
971,baseline_visit_arm_1,,,24,110,1,,,5,0,,,,,,,,,,,,,,,,,,,,
972,baseline_visit_arm_1,,,24,116,1,,,3,2,3,,3,,,,,,,,,,,,,,,,,
973,baseline_visit_arm_1,,,24,119,1,,,0,1,5,,,,,,,,,,,,,,,,,,,
974,baseline_visit_arm_1,,,24,117,1,,,5,1,99,"No vive con el padre biológico",,,,,,,,,,,,,,,,,,
975,baseline_visit_arm_1,,,24,107,1,,,2,1,3,,,,,,,,,,,,,,,,,,,
976,baseline_visit_arm_1,,,24,126,1,,,2,0,,,,,,,,,,,,,,,,,,,,
977,baseline_visit_arm_1,,,24,450,1,,,4,0,,,,,,,,,,,,,,,,,,,,
978,baseline_visit_arm_1,,,24,109,1,,,0,2,99,Enfermedad,99,Enfermedad,,,,,,,,,,,,,,,,
979,baseline_visit_arm_1,,,24,106,1,,,3,2,2,,2,,,,,,,,,,,,,,,,,
980,baseline_visit_arm_1,,,24,114,1,,,0,4,99,"Viaje a otra ciudad",99,"Viaje a otra ciudad",99,"Viaje a otra ciudad",99,"Viaje a otra ciudad",,,,,,,,,,,,
981,baseline_visit_arm_1,,,24,104,1,,,1,3,99,"Padre Ausente",99,"Padre Ausente",99,"Padre Ausente",,,,,,,,,,,,,,
982,baseline_visit_arm_1,,,24,113,1,,,4,5,1,,99,"Padre Ausente",99,"Padre Ausente",5,,7,,,,,,,,,,,
983,baseline_visit_arm_1,,,24,101,1,,,1,5,3,,3,,3,,3,,3,,,,,,,,,,,
984,baseline_visit_arm_1,,,24,103,1,,,0,3,99,Enfermedad,3,,3,,,,,,,,,,,,,,,
