village_district,order,village,district,province,basin,selected,dist_iquitos,population,access,pfal2013,pmal2013,pviv2013,malaria2013,pfal2014,pmal2014,pviv2014,malaria2014,pfal2015,pmal2015,pviv2015,malaria2015,pfal2016,pmal2016,pviv2016,malaria2016,pfal2017,pviv2017,malaria2017,pfal2018,pviv2018,malaria2018,pfal2019,pviv2019,malaria2019,api.pfal2013,api.pfal2014,api.pfal2015,api.pfal2016,api.pfal2017,api.pfal2018,api.pfal2019,api.pmal2013,api.pmal2014,api.pmal2015,api.pmal2016,api.pviv2013,api.pviv2014,api.pviv2015,api.pviv2016,api.pviv2017,api.pviv2018,api.pviv2019,api.malaria2013,api.malaria2014,api.malaria2015,api.malaria2016,api.malaria2017,api.malaria2018,api.malaria2019,XGD,YGD,dist_minutes_cat3,dist_minutes_cat2,dist_minutes_cat1,dist_minutes_all,urban,landc,cobVeg,cobVeg_simbol,pop2k,pop5k
NUEVO VERSALLES_IQUITOS,1,NUEVO VERSALLES,IQUITOS,MAYNAS,Nanay,No,NA,NA,NA,0,0,0,0,0,0,1,1,0,0,0,0,0,0,0,0,0,0,0,0,1,1,0,0,0,NA,NA,NA,NA,NA,NA,NA,NA,NA,NA,NA,NA,NA,NA,NA,NA,NA,NA,NA,NA,NA,NA,NA,NA,NA,-73.2590562,-3.732733,8,24,28,8,1,13,Pajonal andino,Pj,1214.311626,3944.206035
NUEVO VERSALLES_PUNCHANA,2,NUEVO VERSALLES,PUNCHANA,MAYNAS,Nanay,No,NA,NA,NA,0,0,1,1,0,0,4,4,0,0,0,0,0,0,1,1,1,1,2,0,1,1,0,0,0,NA,NA,NA,NA,NA,NA,NA,NA,NA,NA,NA,NA,NA,NA,NA,NA,NA,NA,NA,NA,NA,NA,NA,NA,NA,-73.26329825,-3.72253226,14,30,34,14,1,13,Matorral arbustivo,Ma,915.0694092,3540.993718
FERNANDO BELAUNDE TERRY_IQUITOS,3,FERNANDO BELAUNDE TERRY,IQUITOS,MAYNAS,Nanay,No,NA,NA,NA,0,0,0,0,0,0,2,2,0,0,0,0,0,0,0,0,0,0,0,0,0,0,0,0,0,NA,NA,NA,NA,NA,NA,NA,NA,NA,NA,NA,NA,NA,NA,NA,NA,NA,NA,NA,NA,NA,NA,NA,NA,NA,-73.2638021,-3.73207631,NA,NA,NA,NA,NA,NA,NA,NA,1052.738905,3968.673223
VARGAS GUERRA_IQUITOS,4,VARGAS GUERRA,IQUITOS,MAYNAS,Nanay,No,NA,NA,NA,0,0,0,0,0,0,2,2,0,0,4,4,0,0,5,5,0,5,5,0,3,3,0,0,0,NA,NA,NA,NA,NA,NA,NA,NA,NA,NA,NA,NA,NA,NA,NA,NA,NA,NA,NA,NA,NA,NA,NA,NA,NA,-73.26705957,-3.75611477,23,7,7,7,1,13,Matorral arbustivo,Ma,1114.144176,4836.297425
NUEVO SAN FERNANDO_PUNCHANA,5,NUEVO SAN FERNANDO,PUNCHANA,MAYNAS,Nanay,No,NA,102,NA,0,0,11,11,1,0,12,13,0,0,5,5,3,0,2,5,0,2,2,0,6,6,0,2,2,0,9.803921569,0,29.41176471,0,0,0,0,0,0,0,107.8431373,117.6470588,49.01960784,19.60784314,19.60784314,58.82352941,19.60784314,107.8431373,127.4509804,49.01960784,49.01960784,19.60784314,58.82352941,19.60784314,-73.26739987,-3.69545264,36,31,14,14,0,17,Agricultura costera y andina,Agri,523.1133377,2883.885806
MUNICH_IQUITOS,6,MUNICH,IQUITOS,MAYNAS,Nanay,No,NA,NA,NA,0,0,0,0,0,0,0,0,0,0,0,0,0,0,0,0,0,0,0,0,3,3,0,0,0,NA,NA,NA,NA,NA,NA,NA,NA,NA,NA,NA,NA,NA,NA,NA,NA,NA,NA,NA,NA,NA,NA,NA,NA,NA,-73.2709044,-3.7330614,20,35,34,20,1,13,Pajonal andino,Pj,870.5547069,4151.798441
MICAELA BASTIDAS_IQUITOS,7,MICAELA BASTIDAS,IQUITOS,MAYNAS,Nanay,No,NA,NA,NA,0,0,5,5,2,0,23,25,0,0,6,6,1,0,9,10,0,7,7,1,22,23,0,2,2,NA,NA,NA,NA,NA,NA,NA,NA,NA,NA,NA,NA,NA,NA,NA,NA,NA,NA,NA,NA,NA,NA,NA,NA,NA,-73.27219449,-3.75883036,20,4,3,3,1,13,Matorral arbustivo,Ma,1091.382608,5030.512332
CASTAÑAL PAMPACHICA_SAN JUAN BAUTISTA,8,CASTAÑAL PAMPACHICA,SAN JUAN BAUTISTA,MAYNAS,Nanay,No,NA,NA,NA,0,0,5,5,1,0,25,26,0,0,2,2,2,0,10,12,1,3,4,4,11,15,0,0,0,NA,NA,NA,NA,NA,NA,NA,NA,NA,NA,NA,NA,NA,NA,NA,NA,NA,NA,NA,NA,NA,NA,NA,NA,NA,-73.27255217,-3.76185695,NA,NA,NA,NA,NA,NA,NA,NA,1123.044138,5024.710253
TUPAC AMARU_IQUITOS,9,TUPAC AMARU,IQUITOS,MAYNAS,Nanay,No,4434,NA,NA,0,0,6,6,0,0,23,23,0,0,11,11,0,0,13,13,1,2,3,3,19,22,1,8,9,NA,NA,NA,NA,NA,NA,NA,NA,NA,NA,NA,NA,NA,NA,NA,NA,NA,NA,NA,NA,NA,NA,NA,NA,NA,-73.27268311,-3.75669695,21,5,4,4,1,13,Pajonal andino,Pj,1071.97463,5018.162267
ANITA CABRERA_SAN JUAN BAUTISTA,10,ANITA CABRERA,SAN JUAN BAUTISTA,MAYNAS,Nanay,No,NA,NA,NA,0,0,1,1,0,0,5,5,1,0,5,6,0,0,2,2,0,0,0,0,1,1,0,0,0,NA,NA,NA,NA,NA,NA,NA,NA,NA,NA,NA,NA,NA,NA,NA,NA,NA,NA,NA,NA,NA,NA,NA,NA,NA,-73.27460164,-3.76419415,19,3,2,2,1,13,Areas de no bosque amazï¿½nico,Ano,1151.370789,5078.610987
JUAN PEÑAHERRERA_SAN JUAN BAUTISTA,11,JUAN PEÑAHERRERA,SAN JUAN BAUTISTA,MAYNAS,Nanay,No,NA,NA,NA,1,0,4,5,0,0,1,1,0,0,2,2,0,0,1,1,0,0,0,0,0,0,0,0,0,NA,NA,NA,NA,NA,NA,NA,NA,NA,NA,NA,NA,NA,NA,NA,NA,NA,NA,NA,NA,NA,NA,NA,NA,NA,-73.2775906,-3.77784475,NA,NA,NA,NA,NA,NA,NA,NA,1156.729004,4912.56804
PADRE COCHA_PUNCHANA,12,PADRE COCHA,PUNCHANA,MAYNAS,Nanay,Yes,9337,1695,24.072901,22,0,526,548,27,0,834,861,16,0,214,230,25,0,145,170,11,206,217,78,438,516,5,129,134,12.97935103,15.92920354,9.439528024,14.74926254,6.489675516,46.01769912,2.949852507,0,0,0,0,310.3244838,492.0353982,126.2536873,85.54572271,121.5339233,258.4070796,76.10619469,323.3038348,507.9646018,135.6932153,100.2949853,128.0235988,304.4247788,79.0560472,-73.27788166,-3.69834512,NA,NA,NA,NA,NA,NA,NA,NA,459.8573388,3092.096521
MODELO_SAN JUAN BAUTISTA,13,MODELO,SAN JUAN BAUTISTA,MAYNAS,Nanay,No,NA,NA,NA,0,0,5,5,4,0,26,30,3,0,12,15,2,0,18,20,2,14,16,2,6,8,0,2,2,NA,NA,NA,NA,NA,NA,NA,NA,NA,NA,NA,NA,NA,NA,NA,NA,NA,NA,NA,NA,NA,NA,NA,NA,NA,-73.28197869,-3.77815037,25,9,0,0,1,13,Areas de no bosque amazï¿½nico,Ano,1242.438555,5071.890041
MANACAMIRI_IQUITOS,14,MANACAMIRI,IQUITOS,MAYNAS,Nanay,Yes,6604,529,6.203924974,14,0,183,197,6,0,327,333,24,1,47,72,30,0,78,108,10,41,51,31,91,122,18,46,64,26.46502836,11.34215501,45.36862004,56.71077505,18.90359168,58.60113422,34.02646503,0,0,1.890359168,0,345.9357278,618.147448,88.84688091,147.4480151,77.5047259,172.0226843,86.95652174,372.4007561,629.489603,136.1058601,204.1587902,96.40831758,230.6238185,120.9829868,-73.28367097,-3.71812322,50,45,0,0,1,13,Areas de no bosque amazï¿½nico,Ano,448.5197033,3657.511237
HEROES DEL CENEPA_SAN JUAN BAUTISTA,15,HEROES DEL CENEPA,SAN JUAN BAUTISTA,MAYNAS,Nanay,No,NA,NA,NA,0,0,0,0,0,0,1,1,0,0,0,0,0,0,0,0,0,0,0,0,1,1,0,1,1,NA,NA,NA,NA,NA,NA,NA,NA,NA,NA,NA,NA,NA,NA,NA,NA,NA,NA,NA,NA,NA,NA,NA,NA,NA,-73.28838698,-3.78742722,33,16,0,0,1,13,Pajonal andino,Pj,1217.924391,4988.360803
INKA MANKO KALI_SAN JUAN BAUTISTA,16,INKA MANKO KALI,SAN JUAN BAUTISTA,MAYNAS,Nanay,No,NA,NA,NA,0,0,2,2,1,0,2,3,1,0,3,4,0,0,11,11,0,0,0,1,2,3,0,0,0,NA,NA,NA,NA,NA,NA,NA,NA,NA,NA,NA,NA,NA,NA,NA,NA,NA,NA,NA,NA,NA,NA,NA,NA,NA,-73.29896494,-3.7942032,NA,NA,NA,NA,NA,NA,NA,NA,1288.866341,5022.917546
SIMON BOLIVAR_SAN JUAN BAUTISTA,17,SIMON BOLIVAR,SAN JUAN BAUTISTA,MAYNAS,Nanay,No,NA,NA,NA,2,0,17,19,9,0,84,93,3,0,38,41,12,0,29,41,1,3,4,3,4,7,0,1,1,NA,NA,NA,NA,NA,NA,NA,NA,NA,NA,NA,NA,NA,NA,NA,NA,NA,NA,NA,NA,NA,NA,NA,NA,NA,-73.30240465,-3.77623259,26,10,2,2,1,13,Pajonal andino,Pj,1224.678043,5057.318329
SAN ANTONIO_SAN JUAN BAUTISTA,18,SAN ANTONIO,SAN JUAN BAUTISTA,MAYNAS,Nanay,No,NA,158,NA,4,0,18,22,1,0,17,18,1,0,4,5,10,0,5,15,0,2,2,1,1,2,0,0,0,25.3164557,6.329113924,6.329113924,63.29113924,0,6.329113924,0,0,0,0,0,113.9240506,107.5949367,25.3164557,31.64556962,12.65822785,6.329113924,0,139.2405063,113.9240506,31.64556962,94.93670886,12.65822785,12.65822785,0,-73.30477189,-3.79518476,29,12,2,2,1,13,Matorral arbustivo,Ma,1308.325877,5024.548411
RUMOCOCHA_SAN JUAN BAUTISTA,19,RUMOCOCHA,SAN JUAN BAUTISTA,MAYNAS,Nanay,No,10440,1979,2.964999886,5,0,142,147,25,0,366,391,4,0,137,141,22,0,225,247,2,19,21,17,249,266,4,54,58,2.52652855,12.63264275,2.02122284,11.11672562,1.01061142,8.590197069,2.02122284,0,0,0,0,71.75341081,184.9418898,69.22688226,113.6937847,9.600808489,125.8211218,27.28650834,74.27993936,197.5745326,71.2481051,124.8105104,10.61141991,134.4113188,29.30773118,-73.31283184,-3.77955548,NA,NA,NA,NA,NA,NA,NA,NA,1128.715238,4779.612002
SAN MARTIN DE PORRES_IQUITOS,20,SAN MARTIN DE PORRES,IQUITOS,MAYNAS,Nanay,No,10942,77,37.77624969,4,0,103,107,5,0,67,72,0,0,35,35,21,0,44,65,12,21,33,34,50,84,0,2,2,51.94805195,64.93506494,0,272.7272727,155.8441558,441.5584416,0,0,0,0,0,1337.662338,870.1298701,454.5454545,571.4285714,272.7272727,649.3506494,25.97402597,1389.61039,935.0649351,454.5454545,844.1558442,428.5714286,1090.909091,25.97402597,-73.31614579,-3.71544507,NA,NA,NA,NA,NA,NA,NA,NA,375.2645092,2353.827459
25 DE ENERO_SAN JUAN BAUTISTA,21,25 DE ENERO,SAN JUAN BAUTISTA,MAYNAS,Nanay,No,NA,204,NA,0,0,2,2,1,0,13,14,0,0,3,3,0,0,0,0,0,0,0,1,1,2,0,0,0,0,4.901960784,0,0,0,4.901960784,0,0,0,0,0,9.803921569,63.7254902,14.70588235,0,0,4.901960784,0,9.803921569,68.62745098,14.70588235,0,0,9.803921569,0,-73.31667667,-3.80980735,32,15,5,5,0,10,Matorral arbustivo,Ma,1084.468069,4811.966406
SAN JOSE DE LUPUNA_IQUITOS,22,SAN JOSE DE LUPUNA,IQUITOS,MAYNAS,Nanay,Yes,13066,361,26.05529889,14,0,230,244,23,0,257,280,13,0,230,243,122,0,159,281,50,136,186,86,139,225,23,71,94,38.78116343,63.71191136,36.01108033,337.9501385,138.5041551,238.2271468,63.71191136,0,0,0,0,637.1191136,711.9113573,637.1191136,440.4432133,376.7313019,385.0415512,196.6759003,675.900277,775.6232687,673.1301939,778.3933518,515.2354571,623.2686981,260.3878116,-73.32384418,-3.74529103,99,82,50,50,0,10,Matorral arbustivo,Ma,454.465521,3285.106023
SANTA RITA_IQUITOS,23,SANTA RITA,IQUITOS,MAYNAS,Nanay,Yes,12569,299,18.0093506,4,0,203,207,19,0,305,324,9,0,208,217,130,0,207,337,42,150,192,83,150,233,21,188,209,13.37792642,63.5451505,30.10033445,434.7826087,140.4682274,277.5919732,70.23411371,0,0,0,0,678.9297659,1020.06689,695.6521739,692.3076923,501.6722408,501.6722408,628.7625418,692.3076923,1083.61204,725.7525084,1127.090301,642.1404682,779.264214,698.9966555,-73.32390262,-3.7334809,98,82,0,0,0,8,Agricultura costera y andina,Agri,434.5749,2684.020964
QUISTOCOCHA_SAN JUAN BAUTISTA,24,QUISTOCOCHA,SAN JUAN BAUTISTA,MAYNAS,Nanay,No,13568,1675,5.361949859,34,0,427,461,53,0,965,1018,21,0,281,302,22,0,251,273,16,189,205,20,137,157,4,55,59,20.29850746,31.64179104,12.53731343,13.13432836,9.552238806,11.94029851,2.388059701,0,0,0,0,254.9253731,576.119403,167.761194,149.8507463,112.8358209,81.79104478,32.8358209,275.2238806,607.761194,180.2985075,162.9850746,122.3880597,93.73134328,35.2238806,-73.32586935,-3.82279307,34,17,6,6,1,13,Agricultura costera y andina,Agri,881.0022351,4341.865971
SAN PEDRO_IQUITOS,25,SAN PEDRO,IQUITOS,MAYNAS,Nanay,Yes,19007,191,30.48904977,15,0,221,236,25,0,248,273,17,0,143,160,129,0,157,286,22,48,70,23,41,64,19,45,64,78.53403141,130.8900524,89.0052356,675.3926702,115.1832461,120.4188482,99.47643979,0,0,0,0,1157.068063,1298.429319,748.6910995,821.9895288,251.3089005,214.6596859,235.6020942,1235.602094,1429.319372,837.6963351,1497.382199,366.4921466,335.078534,335.078534,-73.33247562,-3.7508329,105,89,77,77,0,8,Desierto costero,Dc,462.6354544,3303.427844
CRUZ DEL SUR_SAN JUAN BAUTISTA,26,CRUZ DEL SUR,SAN JUAN BAUTISTA,MAYNAS,Nanay,No,NA,480,NA,0,0,3,3,1,0,9,10,0,0,8,8,1,0,10,11,0,0,0,0,2,2,0,0,0,0,2.083333333,0,2.083333333,0,0,0,0,0,0,0,6.25,18.75,16.66666667,20.83333333,0,4.166666667,0,6.25,20.83333333,16.66666667,22.91666667,0,4.166666667,0,-73.33573522,-3.84391031,38,21,3,3,0,10,Agricultura costera y andina,Agri,775.7070409,3316.070209
12 DE DICIEMBRE_SAN JUAN BAUTISTA,27,12 DE DICIEMBRE,SAN JUAN BAUTISTA,MAYNAS,Nanay,No,NA,NA,NA,2,0,39,41,2,0,59,61,1,0,29,30,2,0,5,7,0,0,0,0,2,2,0,0,0,NA,NA,NA,NA,NA,NA,NA,NA,NA,NA,NA,NA,NA,NA,NA,NA,NA,NA,NA,NA,NA,NA,NA,NA,NA,-73.33637132,-3.81616626,36,19,4,4,0,10,Matorral arbustivo,Ma,907.6584517,4325.709222
LOS DELFINES_SAN JUAN BAUTISTA,28,LOS DELFINES,SAN JUAN BAUTISTA,MAYNAS,Nanay,No,16834,1452,10.80989986,5,0,65,70,12,0,223,235,6,0,108,114,18,0,97,115,6,45,51,2,42,44,1,14,15,3.443526171,8.26446281,4.132231405,12.39669421,4.132231405,1.377410468,0.688705234,0,0,0,0,44.76584022,153.5812672,74.38016529,66.80440771,30.99173554,28.92561983,9.641873278,48.20936639,161.84573,78.51239669,79.20110193,35.12396694,30.3030303,10.33057851,-73.33787246,-3.8467545,38,21,3,3,0,10,Agricultura costera y andina,Agri,774.1759698,3224.65215
PEÑA NEGRA_SAN JUAN BAUTISTA,29,PEÑA NEGRA,SAN JUAN BAUTISTA,MAYNAS,Nanay,No,18038,367,NA,2,0,14,16,3,0,77,80,3,0,38,41,1,0,44,45,1,16,17,2,1,3,0,3,3,5.449591281,8.174386921,8.174386921,2.72479564,2.72479564,5.449591281,0,0,0,0,0,38.14713896,209.8092643,103.5422343,119.8910082,43.59673025,2.72479564,8.174386921,43.59673025,217.9836512,111.7166213,122.6158038,46.32152589,8.174386921,8.174386921,-73.33817614,-3.86343656,NA,NA,NA,NA,NA,NA,NA,NA,527.5208075,2777.469168
SANTA CLARA_SAN JUAN BAUTISTA,30,SANTA CLARA,SAN JUAN BAUTISTA,MAYNAS,Nanay,Yes,NA,2381,21.99062406,44,0,253,297,192,0,1119,1311,26,0,377,403,115,0,449,564,38,239,277,72,742,814,1,123,124,18.47963041,80.63838723,10.9197816,48.29903402,15.95968081,30.23939521,0.4199916,0,0,0,0,106.2578748,469.9706006,158.3368333,188.5762285,100.3779924,311.6337673,51.65896682,124.7375052,550.6089878,169.2566149,236.8752625,116.3376732,341.8731625,52.07895842,-73.33967642,-3.78454135,43,26,4,4,1,13,Pajonal andino,Pj,685.4930802,3944.330811
SANTO TOMAS_SAN JUAN BAUTISTA,31,SANTO TOMAS,SAN JUAN BAUTISTA,MAYNAS,Nanay,Yes,13582,684,7.213749641,57,0,205,262,120,0,915,1035,56,0,326,382,59,0,352,411,33,181,214,36,331,367,3,48,51,83.33333333,175.4385965,81.87134503,86.25730994,48.24561404,52.63157895,4.385964912,0,0,0,0,299.7076023,1337.719298,476.6081871,514.619883,264.619883,483.9181287,70.1754386,383.0409357,1513.157895,558.4795322,600.877193,312.8654971,536.5497076,74.56140351,-73.3406291,-3.80470845,38,22,1,1,0,10,Matorral arbustivo,Ma,789.6917395,4239.132143
CUYANA_SAN JUAN BAUTISTA,32,CUYANA,SAN JUAN BAUTISTA,MAYNAS,Nanay,Yes,17492,175,NA,28,0,202,230,91,0,274,365,31,0,134,165,17,0,44,61,5,21,26,19,94,113,1,70,71,NA,NA,NA,NA,NA,NA,NA,NA,NA,NA,NA,NA,NA,NA,NA,NA,NA,NA,NA,NA,NA,NA,NA,NA,NA,-73.34257139,-3.83350289,37,21,3,3,0,10,Bosque de terraza baja,Btb,959.8364306,3669.124532
VARILLAL_SAN JUAN BAUTISTA,33,VARILLAL,SAN JUAN BAUTISTA,MAYNAS,Nanay,Yes,22344,646,19.93287432,25,0,152,177,6,0,241,247,31,0,315,346,132,0,445,577,6,247,253,6,117,123,2,62,64,38.6996904,9.287925697,47.9876161,204.3343653,9.287925697,9.287925697,3.095975232,0,0,0,0,235.2941176,373.0650155,487.6160991,688.8544892,382.3529412,181.1145511,95.9752322,273.993808,382.3529412,535.6037152,893.1888545,391.6408669,190.4024768,99.07120743,-73.35390623,-3.8896413,48,32,3,3,0,10,Agricultura costera y andina,Agri,377.115118,1963.443512
SANTA ISABEL DE ZUNGARO COCHA_SAN JUAN BAUTISTA,34,SANTA ISABEL DE ZUNGARO COCHA,SAN JUAN BAUTISTA,MAYNAS,Nanay,Yes,17492,645,12.3708757,69,0,610,679,109,0,877,986,32,0,453,485,70,0,348,418,62,410,472,57,283,340,2,113,115,106.9767442,168.9922481,49.6124031,108.5271318,96.12403101,88.37209302,3.100775194,0,0,0,0,945.7364341,1359.689922,702.3255814,539.5348837,635.6589147,438.7596899,175.1937984,1052.713178,1528.682171,751.9379845,648.0620155,731.7829457,527.1317829,178.2945736,-73.3551862,-3.82805974,NA,NA,NA,NA,NA,NA,NA,NA,747.4616318,3475.469073
CORRIENTILLO_SAN JUAN BAUTISTA,35,CORRIENTILLO,SAN JUAN BAUTISTA,MAYNAS,Nanay,No,NA,NA,NA,2,0,25,27,1,0,8,9,0,0,2,2,2,0,6,8,0,0,0,0,3,3,0,1,1,NA,NA,NA,NA,NA,NA,NA,NA,NA,NA,NA,NA,NA,NA,NA,NA,NA,NA,NA,NA,NA,NA,NA,NA,NA,-73.36245739,-3.83624877,47,31,6,6,1,13,Cardonal,Car,638.3211579,3093.276442
TRES UNIDOS_IQUITOS,36,TRES UNIDOS,IQUITOS,MAYNAS,Nanay,No,28896,73,134.0183492,3,0,30,33,8,0,57,65,21,0,68,89,15,0,63,78,3,22,25,5,10,15,0,1,1,41.09589041,109.5890411,287.6712329,205.4794521,41.09589041,68.49315068,0,0,0,0,0,410.9589041,780.8219178,931.5068493,863.0136986,301.369863,136.9863014,13.69863014,452.0547945,890.4109589,1219.178082,1068.493151,342.4657534,205.4794521,13.69863014,-73.36701949,-3.74220592,203,187,80,80,0,2,Agricultura costera y andina,Agri,311.0029956,2057.763813
SAN PABLO DE CUYANA_IQUITOS,37,SAN PABLO DE CUYANA,IQUITOS,MAYNAS,Nanay,No,NA,175,110.0979493,0,0,3,3,1,0,5,6,0,0,3,3,21,0,54,75,4,41,45,3,32,35,0,1,1,0,5.714285714,0,120,22.85714286,17.14285714,0,0,0,0,0,17.14285714,28.57142857,17.14285714,308.5714286,234.2857143,182.8571429,5.714285714,17.14285714,34.28571429,17.14285714,428.5714286,257.1428571,200,5.714285714,-73.3764498,-3.76628772,NA,NA,NA,NA,NA,NA,NA,NA,347.3969396,2108.663244
PUERTO ALMENDRA_SAN JUAN BAUTISTA,38,PUERTO ALMENDRA,SAN JUAN BAUTISTA,MAYNAS,Nanay,Yes,20220,NA,NA,4,0,25,29,3,0,35,38,25,0,155,180,36,0,112,148,6,14,20,23,55,78,4,30,34,NA,NA,NA,NA,NA,NA,NA,NA,NA,NA,NA,NA,NA,NA,NA,NA,NA,NA,NA,NA,NA,NA,NA,NA,NA,-73.37823118,-3.83100579,46,30,6,6,0,8,Pajonal andino,Pj,400.7121058,2562.972576
NINA RUMI_SAN JUAN BAUTISTA,39,NINA RUMI,SAN JUAN BAUTISTA,MAYNAS,Nanay,Yes,22169,649,16.74975026,91,0,423,514,100,0,532,632,69,0,485,554,119,0,266,385,19,106,125,69,280,349,5,83,88,140.2157165,154.0832049,106.3174114,183.3590139,29.27580894,106.3174114,7.704160247,0,0,0,0,651.7719569,819.7226502,747.3035439,409.8613251,163.3281972,431.4329738,127.8890601,791.9876733,973.8058552,853.6209553,593.220339,192.6040062,537.7503852,135.5932203,-73.38648037,-3.84512812,53,37,0,0,0,9,Matorral arbustivo,Ma,347.2082574,2148.219774
LOBOYACU_IQUITOS,40,LOBOYACU,IQUITOS,MAYNAS,Nanay,No,28557,83,108.8099993,11,0,95,106,17,0,80,97,5,0,45,50,12,0,28,40,1,13,14,1,26,27,0,0,0,132.5301205,204.8192771,60.24096386,144.5783133,12.04819277,12.04819277,0,0,0,0,0,1144.578313,963.8554217,542.1686747,337.3493976,156.626506,313.253012,0,1277.108434,1168.674699,602.4096386,481.9277108,168.6746988,325.3012048,0,-73.39004191,-3.75148644,206,190,90,90,0,2,Areas de no bosque amazï¿½nico,Ano,296.962862,1632.061331
ESPERANZA_SAN JUAN BAUTISTA,41,ESPERANZA,SAN JUAN BAUTISTA,MAYNAS,Nanay,No,NA,NA,NA,2,0,0,2,1,0,24,25,1,0,10,11,2,0,1,3,0,1,1,0,1,1,0,0,0,NA,NA,NA,NA,NA,NA,NA,NA,NA,NA,NA,NA,NA,NA,NA,NA,NA,NA,NA,NA,NA,NA,NA,NA,NA,-73.3972299,-3.84360615,62,45,14,14,0,2,Agricultura costera y andina,Agri,283.814478,1737.989968
HUATURI_IQUITOS,42,HUATURI,IQUITOS,MAYNAS,Nanay,No,NA,NA,NA,51,0,81,132,57,0,189,246,10,0,200,210,11,0,59,70,0,26,26,15,22,37,0,1,1,NA,NA,NA,NA,NA,NA,NA,NA,NA,NA,NA,NA,NA,NA,NA,NA,NA,NA,NA,NA,NA,NA,NA,NA,NA,-73.40501226,-3.77558485,NA,NA,NA,NA,NA,NA,NA,NA,252.9425112,1478.947836
TARAPOTO_IQUITOS,43,TARAPOTO,IQUITOS,MAYNAS,Nanay,No,34691,165,130.8189993,97,0,157,254,55,0,228,283,6,0,74,80,35,0,64,99,3,90,93,29,48,77,1,0,1,587.8787879,333.3333333,36.36363636,212.1212121,18.18181818,175.7575758,6.060606061,0,0,0,0,951.5151515,1381.818182,448.4848485,387.8787879,545.4545455,290.9090909,0,1539.393939,1715.151515,484.8484848,600,563.6363636,466.6666667,6.060606061,-73.40571852,-3.80483258,106,90,0,0,0,2,Pajonal andino,Pj,226.0176077,1542.838717
8 DE OCTUBRE_IQUITOS,44,8 DE OCTUBRE,IQUITOS,MAYNAS,Nanay,No,NA,NA,NA,8,0,34,42,10,0,54,64,7,0,97,104,6,0,32,38,0,0,0,1,5,6,0,0,0,NA,NA,NA,NA,NA,NA,NA,NA,NA,NA,NA,NA,NA,NA,NA,NA,NA,NA,NA,NA,NA,NA,NA,NA,NA,-73.40860549,-3.75214182,NA,NA,NA,NA,NA,NA,NA,NA,235.4320404,1390.28358
LLANCHAMA_SAN JUAN BAUTISTA,45,LLANCHAMA,SAN JUAN BAUTISTA,MAYNAS,Nanay,Yes,25037,214,11.89332558,106,0,176,282,53,0,213,266,48,0,308,356,119,0,274,393,5,81,86,33,147,180,3,85,88,495.3271028,247.6635514,224.2990654,556.0747664,23.36448598,154.2056075,14.01869159,0,0,0,0,822.4299065,995.3271028,1439.252336,1280.373832,378.5046729,686.9158879,397.1962617,1317.757009,1242.990654,1663.551402,1836.448598,401.8691589,841.1214953,411.2149533,-73.40921615,-3.85797192,56,40,9,9,0,2,Areas de no bosque amazï¿½nico,Ano,235.17781,1421.837138
NUEVA ESPERANZA_SAN JUAN BAUTISTA,46,NUEVA ESPERANZA,SAN JUAN BAUTISTA,MAYNAS,Nanay,No,NA,59,NA,2,0,5,7,0,0,8,8,0,0,15,15,2,0,5,7,1,10,11,0,1,1,0,0,0,33.89830508,0,0,33.89830508,16.94915254,0,0,0,0,0,0,84.74576271,135.5932203,254.2372881,84.74576271,169.4915254,16.94915254,0,118.6440678,135.5932203,254.2372881,118.6440678,186.440678,16.94915254,0,-73.41405915,-3.90478713,382,366,338,338,0,2,Agricultura costera y andina,Agri,168.7253773,1103.815987
LIBERTAD_IQUITOS,47,LIBERTAD,IQUITOS,MAYNAS,Nanay,Yes,51714,264,254.0999993,18,0,163,181,65,0,217,282,41,0,212,253,66,0,111,177,54,175,229,31,139,170,3,34,37,68.18181818,246.2121212,155.3030303,250,204.5454545,117.4242424,11.36363636,0,0,0,0,617.4242424,821.969697,803.030303,420.4545455,662.8787879,526.5151515,128.7878788,685.6060606,1068.181818,958.3333333,670.4545455,867.4242424,643.9393939,140.1515152,-73.45891341,-3.81895993,354,338,248,248,0,2,Matorral arbustivo,Ma,175.0131795,957.8779177
MISHANA_SAN JUAN BAUTISTA,48,MISHANA,SAN JUAN BAUTISTA,MAYNAS,Nanay,No,64051,62,NA,6,0,22,28,15,0,47,62,8,0,33,41,3,0,3,6,1,4,5,2,7,9,0,4,4,96.77419355,241.9354839,129.0322581,48.38709677,16.12903226,32.25806452,0,0,0,0,0,354.8387097,758.0645161,532.2580645,48.38709677,64.51612903,112.9032258,64.51612903,451.6129032,1000,661.2903226,96.77419355,80.64516129,145.1612903,64.51612903,-73.49216646,-3.88150894,476,460,429,429,0,2,Agricultura costera y andina,Agri,115.7491763,706.7066034
SHIRIARA_IQUITOS,49,SHIRIARA,IQUITOS,MAYNAS,Nanay,No,59104,302,367.8599993,79,0,261,340,71,0,301,372,54,0,150,204,51,0,103,154,60,182,242,18,64,82,0,12,12,261.589404,235.0993377,178.807947,168.8741722,198.6754967,59.60264901,0,0,0,0,0,864.2384106,996.6887417,496.6887417,341.0596026,602.6490066,211.9205298,39.73509934,1125.827815,1231.788079,675.4966887,509.9337748,801.3245033,271.5231788,39.73509934,-73.49553347,-3.83474047,604,588,138,138,0,2,Agricultura costera y andina,Agri,151.4193501,808.0659926
AYACUCHO_IQUITOS,50,AYACUCHO,IQUITOS,MAYNAS,Nanay,No,62073,22,NA,0,0,8,8,0,0,8,8,1,0,2,3,1,0,1,2,3,6,9,1,5,6,1,4,5,0,0,45.45454545,45.45454545,136.3636364,45.45454545,45.45454545,0,0,0,0,363.6363636,363.6363636,90.90909091,45.45454545,272.7272727,227.2727273,181.8181818,363.6363636,363.6363636,136.3636364,90.90909091,409.0909091,272.7272727,227.2727273,-73.51997526,-3.83039786,637,621,18,18,0,2,Matorral arbustivo,Ma,147.7609835,782.9016837
SAN JUAN DE YUTO_SAN JUAN BAUTISTA,51,SAN JUAN DE YUTO,SAN JUAN BAUTISTA,MAYNAS,Nanay,No,NA,32,NA,1,0,5,6,0,0,7,7,3,0,12,15,0,0,3,3,2,1,3,0,3,3,0,0,0,31.25,0,93.75,0,62.5,0,0,0,0,0,0,156.25,218.75,375,93.75,31.25,93.75,0,187.5,218.75,468.75,93.75,93.75,93.75,0,-73.54987237,-3.90104792,NA,NA,NA,NA,NA,NA,NA,NA,123.1933524,684.425899
PORVENIR_SAN JUAN BAUTISTA,52,PORVENIR,SAN JUAN BAUTISTA,MAYNAS,Nanay,No,NA,66,NA,2,0,11,13,12,0,20,32,1,0,21,22,3,0,4,7,4,3,7,0,14,14,0,2,2,30.3030303,181.8181818,15.15151515,45.45454545,60.60606061,0,0,0,0,0,0,166.6666667,303.030303,318.1818182,60.60606061,45.45454545,212.1212121,30.3030303,196.969697,484.8484848,333.3333333,106.0606061,106.0606061,212.1212121,30.3030303,-73.55697379,-3.90011748,954,937,854,854,0,2,Pajonal andino,Pj,121.2065915,697.1898156
YARINA_IQUITOS,53,YARINA,IQUITOS,MAYNAS,Nanay,No,NA,58,NA,16,0,6,22,0,0,12,12,5,0,14,19,1,0,2,3,4,0,4,1,6,7,0,1,1,275.862069,0,86.20689655,17.24137931,68.96551724,17.24137931,0,0,0,0,0,103.4482759,206.8965517,241.3793103,34.48275862,0,103.4482759,17.24137931,379.3103448,206.8965517,327.5862069,51.72413793,68.96551724,120.6896552,17.24137931,-73.56052418,-3.84531483,653,636,211,211,0,2,Bosque de terraza baja,Btb,153.0389169,812.6035318
MARAVILLA_IQUITOS,54,MARAVILLA,IQUITOS,MAYNAS,Nanay,No,91104,86,168.4400263,11,0,36,47,8,0,47,55,13,0,43,56,9,0,33,42,6,13,19,7,39,46,0,8,8,127.9069767,93.02325581,151.1627907,104.6511628,69.76744186,81.39534884,0,0,0,0,0,418.6046512,546.5116279,500,383.7209302,151.1627907,453.4883721,93.02325581,546.5116279,639.5348837,651.1627907,488.372093,220.9302326,534.8837209,93.02325581,-73.57241106,-3.8590005,632,615,223,223,0,2,Pajonal andino,Pj,148.3657214,851.766912
LAGUNAS_IQUITOS,55,LAGUNAS,IQUITOS,MAYNAS,Nanay,No,95089,50,127.8350019,11,0,27,38,8,0,31,39,7,0,25,32,7,0,27,34,4,23,27,8,27,35,1,7,8,220,160,140,140,80,160,20,0,0,0,0,540,620,500,540,460,540,140,760,780,640,680,540,700,160,-73.58350328,-3.85636014,554,537,129,129,0,2,Pajonal andino,Pj,168.8582438,884.6282007
SAMITO_ALTO NANAY,56,SAMITO,ALTO NANAY,MAYNAS,Nanay,Yes,99483,438,36.21962446,47,0,133,180,101,0,204,305,94,0,246,340,115,0,212,327,108,221,329,83,313,396,8,122,130,107.3059361,230.5936073,214.6118721,262.5570776,246.5753425,189.4977169,18.26484018,0,0,0,0,303.652968,465.7534247,561.6438356,484.0182648,504.56621,714.6118721,278.5388128,410.9589041,696.347032,776.2557078,746.5753425,751.1415525,904.109589,296.803653,-73.61331156,-3.86555406,483,466,18,18,0,2,Matorral arbustivo,Ma,179.6890855,952.1251673
SANTA MARIA DEL ALTO NANAY_ALTO NANAY,57,SANTA MARIA DEL ALTO NANAY,ALTO NANAY,MAYNAS,Nanay,Yes,121154,762,381.3041487,111,0,359,470,110,0,557,667,157,0,638,795,98,0,505,603,131,682,813,163,408,571,5,130,135,145.6692913,144.3569554,206.0367454,128.6089239,171.9160105,213.9107612,6.56167979,0,0,0,0,471.1286089,730.9711286,837.2703412,662.7296588,895.0131234,535.4330709,170.6036745,616.7979003,875.328084,1043.307087,791.3385827,1066.929134,749.343832,177.1653543,-73.69651569,-3.88816299,NA,NA,NA,NA,NA,NA,NA,NA,205.6190268,983.9701519
PISCO_ALTO NANAY,58,PISCO,ALTO NANAY,MAYNAS,Nanay,Yes,129380,75,443.4099983,13,0,29,42,3,0,65,68,21,1,77,99,6,0,13,19,8,26,34,16,19,35,1,10,11,173.3333333,40,280,80,106.6666667,213.3333333,13.33333333,0,0,13.33333333,0,386.6666667,866.6666667,1026.666667,173.3333333,346.6666667,253.3333333,133.3333333,560,906.6666667,1320,253.3333333,453.3333333,466.6666667,146.6666667,-73.7136298,-3.89052285,154,138,14,14,0,2,Bofedal,Bo,186.9898798,877.2231965
NUEVO LORETO_ALTO NANAY,59,NUEVO LORETO,ALTO NANAY,MAYNAS,Nanay,No,135457,33,NA,1,0,8,9,3,0,12,15,1,0,6,7,0,0,2,2,1,8,9,2,3,5,2,2,4,30.3030303,90.90909091,30.3030303,0,30.3030303,60.60606061,60.60606061,0,0,0,0,242.4242424,363.6363636,181.8181818,60.60606061,242.4242424,90.90909091,60.60606061,272.7272727,454.5454545,212.1212121,60.60606061,272.7272727,151.5151515,121.2121212,-73.73655706,-3.89705715,177,161,37,37,0,2,Areas de no bosque amazï¿½nico,Ano,108.3550117,720.4089981
SANTA ROSA_ALTO NANAY,60,SANTA ROSA,ALTO NANAY,MAYNAS,Nanay,No,NA,NA,NA,1,0,3,4,0,0,6,6,0,0,2,2,1,0,6,7,0,1,1,0,2,2,0,0,0,NA,NA,NA,NA,NA,NA,NA,NA,NA,NA,NA,NA,NA,NA,NA,NA,NA,NA,NA,NA,NA,NA,NA,NA,NA,-73.76802539,-3.90383202,201,184,31,31,0,2,Bofedal,Bo,89.19954318,501.4725543
DIAMANTE AZUL_ALTO NANAY,61,DIAMANTE AZUL,ALTO NANAY,MAYNAS,Nanay,Yes,143388,425,709.7200235,125,0,212,337,36,0,179,215,78,0,286,364,88,0,208,296,124,427,551,102,354,456,5,145,150,294.1176471,84.70588235,183.5294118,207.0588235,291.7647059,240,11.76470588,0,0,0,0,498.8235294,421.1764706,672.9411765,489.4117647,1004.705882,832.9411765,341.1764706,792.9411765,505.8823529,856.4705882,696.4705882,1296.470588,1072.941176,352.9411765,-73.7794579,-3.9005405,177,161,0,0,0,10,Pajonal andino,Pj,92.82013238,486.3517418
SAN JUAN DE UNGURAHUAL_ALTO NANAY,62,SAN JUAN DE UNGURAHUAL,ALTO NANAY,MAYNAS,Nanay,Yes,149085,199,865.0054235,28,0,69,97,8,0,82,90,17,0,51,68,2,0,15,17,11,27,38,18,81,99,0,1,1,140.7035176,40.20100503,85.42713568,10.05025126,55.27638191,90.45226131,0,0,0,0,0,346.7336683,412.0603015,256.281407,75.37688442,135.678392,407.0351759,5.025125628,487.4371859,452.2613065,341.7085427,85.42713568,190.9547739,497.4874372,5.025125628,-73.81011753,-3.90213849,194,177,54,54,0,2,Areas de no bosque amazï¿½nico,Ano,80.59708478,446.337935
PINTO COCHA_ALTO NANAY,63,PINTO COCHA,ALTO NANAY,MAYNAS,Nanay,No,NA,NA,NA,0,0,1,1,0,0,3,3,0,0,0,0,0,0,0,0,0,0,0,0,0,0,0,0,0,NA,NA,NA,NA,NA,NA,NA,NA,NA,NA,NA,NA,NA,NA,NA,NA,NA,NA,NA,NA,NA,NA,NA,NA,NA,-73.87658403,-3.88084765,185,169,45,45,0,2,Bofedal,Bo,55.93265172,306.6801924
EL SALVADOR_ALTO NANAY,64,EL SALVADOR,ALTO NANAY,MAYNAS,Nanay,No,170745,95,NA,6,0,17,23,11,0,22,33,0,0,18,18,0,0,6,6,7,9,16,0,11,11,0,1,1,63.15789474,115.7894737,0,0,73.68421053,0,0,0,0,0,0,178.9473684,231.5789474,189.4736842,63.15789474,94.73684211,115.7894737,10.52631579,242.1052632,347.3684211,189.4736842,63.15789474,168.4210526,115.7894737,10.52631579,-73.90014383,-3.89107522,171,155,31,31,0,2,Matorral arbustivo,Ma,45.44306342,237.7193033
CATALAN_ALTO NANAY,65,CATALAN,ALTO NANAY,MAYNAS,Nanay,No,NA,NA,NA,0,0,0,0,0,0,0,0,0,0,0,0,0,0,0,0,0,0,0,0,1,1,0,0,0,NA,NA,NA,NA,NA,NA,NA,NA,NA,NA,NA,NA,NA,NA,NA,NA,NA,NA,NA,NA,NA,NA,NA,NA,NA,-73.96531614,-3.82734364,310,293,170,170,0,2,Pajonal andino,Pj,14.83780009,99.04059568
SANTA ANA_ALTO NANAY,66,SANTA ANA,ALTO NANAY,MAYNAS,Nanay,No,NA,NA,NA,0,0,1,1,1,0,0,1,0,0,0,0,0,0,0,0,0,1,1,0,0,0,0,0,0,NA,NA,NA,NA,NA,NA,NA,NA,NA,NA,NA,NA,NA,NA,NA,NA,NA,NA,NA,NA,NA,NA,NA,NA,NA,-74.02278889,-3.78674353,436,419,296,296,0,2,Pajonal andino,Pj,14.2560187,86.93085331
CASCABEL_ALTO NANAY,67,CASCABEL,ALTO NANAY,MAYNAS,Nanay,No,NA,NA,NA,0,0,0,0,0,0,0,0,0,0,0,0,0,0,0,0,0,1,1,0,0,0,0,0,0,NA,NA,NA,NA,NA,NA,NA,NA,NA,NA,NA,NA,NA,NA,NA,NA,NA,NA,NA,NA,NA,NA,NA,NA,NA,-74.03651452,-3.80090264,466,450,326,326,0,2,Pajonal andino,Pj,13.81481044,83.56331964
PUCA URCO_ALTO NANAY,68,PUCA URCO,ALTO NANAY,MAYNAS,Nanay,Yes,207728,172,NA,35,0,38,73,16,0,75,91,19,0,99,118,1,0,18,19,5,13,18,15,42,57,22,22,44,203.4883721,93.02325581,110.4651163,5.813953488,29.06976744,87.20930233,127.9069767,0,0,0,0,220.9302326,436.0465116,575.5813953,104.6511628,75.58139535,244.1860465,127.9069767,424.4186047,529.0697674,686.0465116,110.4651163,104.6511628,331.3953488,255.8139535,-74.05514498,-3.80367537,468,452,328,328,0,2,Bofedal,Bo,13.21324419,80.51515157
TIERRA BLANCA_ALTO NANAY,69,TIERRA BLANCA,ALTO NANAY,MAYNAS,Nanay,No,NA,NA,NA,4,0,1,5,0,0,0,0,0,0,0,0,0,0,0,0,0,0,0,0,0,0,0,1,1,NA,NA,NA,NA,NA,NA,NA,NA,NA,NA,NA,NA,NA,NA,NA,NA,NA,NA,NA,NA,NA,NA,NA,NA,NA,-74.07817164,-3.78423114,508,492,368,368,0,2,Matorral arbustivo,Ma,12.543675,77.60959725
PUCAHUARQUILLO_ALTO NANAY,70,PUCAHUARQUILLO,ALTO NANAY,MAYNAS,Nanay,No,NA,NA,NA,0,0,0,0,0,0,0,0,0,0,0,0,0,0,0,0,0,0,0,0,1,1,0,1,1,NA,NA,NA,NA,NA,NA,NA,NA,NA,NA,NA,NA,NA,NA,NA,NA,NA,NA,NA,NA,NA,NA,NA,NA,NA,-74.11529878,-3.76039651,NA,NA,NA,NA,NA,NA,NA,NA,11.38176739,71.22643573
LIBERTAD_ALTO NANAY,71,LIBERTAD,ALTO NANAY,MAYNAS,Nanay,No,NA,NA,NA,6,0,18,24,0,0,2,2,0,0,8,8,0,0,0,0,1,5,6,1,2,3,0,0,0,NA,NA,NA,NA,NA,NA,NA,NA,NA,NA,NA,NA,NA,NA,NA,NA,NA,NA,NA,NA,NA,NA,NA,NA,NA,-74.19783202,-3.7003399,663,647,523,523,0,2,Agricultura costera y andina,Agri,10.59745396,64.26632639
GRAU_ALTO NANAY,72,GRAU,ALTO NANAY,MAYNAS,Nanay,No,NA,NA,NA,1,0,3,4,1,0,0,1,0,0,0,0,0,0,0,0,0,0,0,0,0,0,0,0,0,NA,NA,NA,NA,NA,NA,NA,NA,NA,NA,NA,NA,NA,NA,NA,NA,NA,NA,NA,NA,NA,NA,NA,NA,NA,-74.2877184,-3.67118201,680,664,541,541,0,2,Pajonal andino,Pj,12.67074417,78.41346265
SANTA ISABEL_ALTO NANAY,73,SANTA ISABEL,ALTO NANAY,MAYNAS,Nanay,No,NA,NA,NA,0,0,0,0,0,0,0,0,0,0,2,2,0,0,1,1,0,0,0,0,1,1,0,0,0,NA,NA,NA,NA,NA,NA,NA,NA,NA,NA,NA,NA,NA,NA,NA,NA,NA,NA,NA,NA,NA,NA,NA,NA,NA,-74.30578902,-3.65907227,655,639,515,515,0,2,Agricultura costera y andina,Agri,13.02990211,81.46196416
ALBARENGA_ALTO NANAY,74,ALBARENGA,ALTO NANAY,MAYNAS,Nanay,No,310734,24,NA,8,0,1,9,4,0,0,4,0,0,2,2,2,0,5,7,1,5,6,1,4,5,0,1,1,333.3333333,166.6666667,0,83.33333333,41.66666667,41.66666667,0,0,0,0,0,41.66666667,0,83.33333333,208.3333333,208.3333333,166.6666667,41.66666667,375,166.6666667,83.33333333,291.6666667,250,208.3333333,41.66666667,-74.56554724,-3.40506314,739,722,599,599,0,2,Matorral arbustivo,Ma,42.5035746,257.1628624
CABO LOPEZ_SAN JUAN BAUTISTA,75,CABO LOPEZ,SAN JUAN BAUTISTA,MAYNAS,Itaya,No,NA,850,NA,0,0,4,4,1,0,13,14,0,0,11,11,0,0,11,11,0,7,7,2,11,13,0,1,1,0,1.176470588,0,0,0,2.352941176,0,0,0,0,0,4.705882353,15.29411765,12.94117647,12.94117647,8.235294118,12.94117647,1.176470588,4.705882353,16.47058824,12.94117647,12.94117647,8.235294118,15.29411765,1.176470588,-73.26134078,-3.78830276,43,27,17,17,0,8,Area urbana,U,683.5743941,3958.618367
BUENA ESPERANZA_SAN JUAN BAUTISTA,76,BUENA ESPERANZA,SAN JUAN BAUTISTA,MAYNAS,Itaya,No,NA,63,NA,0,0,5,5,5,0,7,12,2,0,36,38,0,0,7,7,0,4,4,0,9,9,0,0,0,0,79.36507937,31.74603175,0,0,0,0,0,0,0,0,79.36507937,111.1111111,571.4285714,111.1111111,63.49206349,142.8571429,0,79.36507937,190.4761905,603.1746032,111.1111111,63.49206349,142.8571429,0,-73.32236787,-3.89769328,109,93,64,64,0,2,Area altoandina con escasa y sin vegetaciï¿½n,Esv,276.8326597,1666.244996
RAYA_ALTO NANAY,77,RAYA,ALTO NANAY,MAYNAS,Pintuyacu,No,119111,NA,NA,0,0,3,3,7,0,33,40,4,0,11,15,1,0,2,3,10,12,22,4,2,6,0,5,5,NA,NA,NA,NA,NA,NA,NA,NA,NA,NA,NA,NA,NA,NA,NA,NA,NA,NA,NA,NA,NA,NA,NA,NA,NA,-73.67219414,-3.87771252,NA,NA,NA,NA,NA,NA,NA,NA,185.9790539,1067.082323
SAN JUAN DE RAYA_ALTO NANAY,78,SAN JUAN DE RAYA,ALTO NANAY,MAYNAS,Pintuyacu,No,122486,58,NA,2,0,11,13,5,0,14,19,2,0,27,29,1,0,3,4,2,8,10,3,2,5,0,0,0,34.48275862,86.20689655,34.48275862,17.24137931,34.48275862,51.72413793,0,0,0,0,0,189.6551724,241.3793103,465.5172414,51.72413793,137.9310345,34.48275862,0,224.137931,327.5862069,500,68.96551724,172.4137931,86.20689655,0,-73.68992439,-3.8557118,205,189,68,68,0,2,Pajonal andino,Pj,197.4259132,1009.204686
HUARAPAL_ALTO NANAY,79,HUARAPAL,ALTO NANAY,MAYNAS,Pintuyacu,No,NA,NA,NA,3,0,0,3,0,0,0,0,3,0,1,4,0,0,1,1,1,2,3,1,1,2,0,0,0,NA,NA,NA,NA,NA,NA,NA,NA,NA,NA,NA,NA,NA,NA,NA,NA,NA,NA,NA,NA,NA,NA,NA,NA,NA,-73.67905077,-3.82598052,225,209,88,88,0,2,Areas de no bosque amazï¿½nico,Ano,140.9787229,952.2374392
NUEVA ESPERANZA_ALTO NANAY,80,NUEVA ESPERANZA,ALTO NANAY,MAYNAS,Pintuyacu,No,NA,9,NA,2,0,3,5,0,0,0,0,0,0,0,0,0,0,0,0,0,0,0,1,1,2,0,0,0,222.2222222,0,0,0,0,111.1111111,0,0,0,0,0,333.3333333,0,0,0,0,111.1111111,0,555.5555556,0,0,0,0,222.2222222,0,-73.64670814,-3.8253064,331,314,193,193,0,2,Pajonal andino,Pj,144.2877707,939.7142007
SABOYA_ALTO NANAY,81,SABOYA,ALTO NANAY,MAYNAS,Pintuyacu,Yes,132578,72,456.9699992,6,0,25,31,20,0,29,49,20,0,58,78,4,0,20,24,3,18,21,8,12,20,0,12,12,83.33333333,277.7777778,277.7777778,55.55555556,41.66666667,111.1111111,0,0,0,0,0,347.2222222,402.7777778,805.5555556,277.7777778,250,166.6666667,166.6666667,430.5555556,680.5555556,1083.333333,333.3333333,291.6666667,277.7777778,166.6666667,-73.70268164,-3.82029288,240,224,103,103,0,2,Pajonal andino,Pj,154.7638672,794.135595
TRIUNFO_ALTO NANAY,82,TRIUNFO,ALTO NANAY,MAYNAS,Pintuyacu,No,NA,17,NA,0,0,0,0,0,0,0,0,0,0,2,2,0,0,0,0,1,1,2,2,0,2,0,1,1,0,0,0,0,58.82352941,117.6470588,0,0,0,0,0,0,0,117.6470588,0,58.82352941,0,58.82352941,0,0,117.6470588,0,117.6470588,117.6470588,58.82352941,-73.67049165,-3.79598527,1097,1081,725,725,0,2,Pajonal andino,Pj,141.5522739,799.4604319
SOLEDAD_ALTO NANAY,83,SOLEDAD,ALTO NANAY,MAYNAS,Pintuyacu,No,NA,NA,NA,0,0,0,0,0,0,0,0,0,0,0,0,0,0,1,1,0,0,0,0,0,0,0,0,0,NA,NA,NA,NA,NA,NA,NA,NA,NA,NA,NA,NA,NA,NA,NA,NA,NA,NA,NA,NA,NA,NA,NA,NA,NA,-73.71036915,-3.78913676,280,263,142,142,0,2,Agricultura costera y andina,Agri,113.7079705,655.1962834
MIRAFLORES_ALTO NANAY,84,MIRAFLORES,ALTO NANAY,MAYNAS,Pintuyacu,No,140455,48,518.4119244,1,0,4,5,5,0,8,13,5,0,9,14,0,0,2,2,2,8,10,6,16,22,1,5,6,20.83333333,104.1666667,104.1666667,0,41.66666667,125,20.83333333,0,0,0,0,83.33333333,166.6666667,187.5,41.66666667,166.6666667,333.3333333,104.1666667,104.1666667,270.8333333,291.6666667,41.66666667,208.3333333,458.3333333,125,-73.70085955,-3.778505,287,270,149,149,0,2,Agricultura costera y andina,Agri,122.0452446,661.8393977
MONTE CALVARIO_ALTO NANAY,85,MONTE CALVARIO,ALTO NANAY,MAYNAS,Pintuyacu,Yes,135915,55,NA,3,0,17,20,6,0,22,28,3,0,20,23,1,0,4,5,6,10,16,1,12,13,4,6,10,54.54545455,109.0909091,54.54545455,18.18181818,109.0909091,18.18181818,72.72727273,0,0,0,0,309.0909091,400,363.6363636,72.72727273,181.8181818,218.1818182,109.0909091,363.6363636,509.0909091,418.1818182,90.90909091,290.9090909,236.3636364,181.8181818,-73.71381645,-3.7605445,292,275,149,149,0,2,Matorral arbustivo,Ma,103.379753,571.0720712
NAZARETH_ALTO NANAY,86,NAZARETH,ALTO NANAY,MAYNAS,Pintuyacu,No,NA,NA,NA,0,0,1,1,0,0,0,0,0,0,0,0,0,0,0,0,0,0,0,0,0,0,0,0,0,NA,NA,NA,NA,NA,NA,NA,NA,NA,NA,NA,NA,NA,NA,NA,NA,NA,NA,NA,NA,NA,NA,NA,NA,NA,-73.72935577,-3.73428827,340,323,101,101,0,2,Agricultura costera y andina,Agri,75.55242692,488.4925073
SAN ANTONIO_ALTO NANAY,87,SAN ANTONIO,ALTO NANAY,MAYNAS,Pintuyacu,Yes,153454,246,951.0004249,31,0,131,162,43,0,191,234,12,0,150,162,4,0,121,125,36,74,110,35,91,126,80,60,140,63.78600823,88.47736626,24.69135802,8.230452675,74.07407407,72.01646091,164.6090535,0,0,0,0,269.5473251,393.0041152,308.6419753,248.9711934,152.2633745,187.2427984,123.4567901,333.3333333,481.4814815,333.3333333,257.2016461,226.3374486,259.2592593,288.0658436,-73.77867444,-3.70478681,441,425,0,0,0,2,Agricultura costera y andina,Agri,66.64542807,369.5007055
PIJUAYAL_ALTO NANAY,88,PIJUAYAL,ALTO NANAY,MAYNAS,Pintuyacu,No,NA,NA,NA,0,0,0,0,0,0,1,1,0,0,1,1,0,0,0,0,0,0,0,0,0,0,0,0,0,NA,NA,NA,NA,NA,NA,NA,NA,NA,NA,NA,NA,NA,NA,NA,NA,NA,NA,NA,NA,NA,NA,NA,NA,NA,-73.78258589,-3.6970234,427,411,45,45,0,2,Pajonal andino,Pj,63.3792046,356.7553295
HIRACOCHA_ALTO NANAY,89,HIRACOCHA,ALTO NANAY,MAYNAS,Pintuyacu,No,NA,NA,NA,0,0,0,0,0,0,0,0,1,0,0,1,0,0,0,0,0,1,1,0,0,0,0,0,0,NA,NA,NA,NA,NA,NA,NA,NA,NA,NA,NA,NA,NA,NA,NA,NA,NA,NA,NA,NA,NA,NA,NA,NA,NA,-74.24600589,-3.32557228,1160,1143,787,787,0,2,Agricultura costera y andina,Agri,22.58009765,143.8372909
BOQUERON_ALTO NANAY,90,BOQUERON,ALTO NANAY,MAYNAS,Chambira,No,NA,NA,NA,0,0,0,0,0,0,1,1,0,0,0,0,0,0,0,0,0,0,0,0,0,0,0,0,0,NA,NA,NA,NA,NA,NA,NA,NA,NA,NA,NA,NA,NA,NA,NA,NA,NA,NA,NA,NA,NA,NA,NA,NA,NA,-73.7597149,-3.68192876,454,437,95,95,0,2,Pajonal andino,Pj,57.59595953,354.8988718
YARINA_ALTO NANAY,91,YARINA,ALTO NANAY,MAYNAS,Chambira,No,169275,36,NA,3,0,2,5,1,0,4,5,0,0,9,9,0,0,1,1,2,2,4,0,2,2,0,1,1,83.33333333,27.77777778,0,0,55.55555556,0,0,0,0,0,0,55.55555556,111.1111111,250,27.77777778,55.55555556,55.55555556,27.77777778,138.8888889,138.8888889,250,27.77777778,111.1111111,55.55555556,27.77777778,-73.75689951,-3.64211902,NA,NA,NA,NA,NA,NA,NA,NA,48.41982177,305.4004846
ESPERANZA / CHAPAJILLA_ALTO NANAY,92,ESPERANZA / CHAPAJILLA,ALTO NANAY,MAYNAS,Chambira,No,NA,NA,NA,0,0,4,4,0,0,0,0,0,0,0,0,0,0,0,0,0,1,1,0,0,0,0,0,0,NA,NA,NA,NA,NA,NA,NA,NA,NA,NA,NA,NA,NA,NA,NA,NA,NA,NA,NA,NA,NA,NA,NA,NA,NA,-73.75260228,-3.60483127,NA,NA,NA,NA,NA,NA,NA,NA,49.90620152,316.7706257
ATALAYA_ALTO NANAY,93,ATALAYA,ALTO NANAY,MAYNAS,Chambira,Yes,181409,152,NA,15,0,30,45,27,0,97,124,8,0,68,76,0,0,16,16,5,8,13,3,16,19,6,5,11,98.68421053,177.6315789,52.63157895,0,32.89473684,19.73684211,39.47368421,0,0,0,0,197.3684211,638.1578947,447.3684211,105.2631579,52.63157895,105.2631579,32.89473684,296.0526316,815.7894737,500,105.2631579,85.52631579,125,72.36842105,-73.75570183,-3.58464408,706,690,333,333,0,2,Pajonal andino,Pj,57.98581848,337.0587357
TARMA_ALTO NANAY,94,TARMA,ALTO NANAY,MAYNAS,Chambira,No,NA,NA,NA,0,0,0,0,0,0,0,0,0,0,1,1,0,0,0,0,1,0,1,0,1,1,0,0,0,NA,NA,NA,NA,NA,NA,NA,NA,NA,NA,NA,NA,NA,NA,NA,NA,NA,NA,NA,NA,NA,NA,NA,NA,NA,-73.76874764,-3.55664276,826,810,453,453,0,2,Bosque de colina baja,Bcb,67.8678599,362.7023177
BUENAVISTA / SAN PEDRO_ALTO NANAY,95,BUENAVISTA / SAN PEDRO,ALTO NANAY,MAYNAS,Chambira,No,NA,NA,NA,0,0,3,3,0,0,3,3,0,0,1,1,0,0,4,4,0,2,2,0,1,1,0,1,1,NA,NA,NA,NA,NA,NA,NA,NA,NA,NA,NA,NA,NA,NA,NA,NA,NA,NA,NA,NA,NA,NA,NA,NA,NA,-73.75354,-3.51136,NA,NA,NA,NA,NA,NA,NA,NA,76.21478936,415.1915114
BUENA VISTA_ALTO NANAY,96,BUENA VISTA,ALTO NANAY,MAYNAS,Chambira,No,NA,72,NA,0,0,7,7,3,0,21,24,1,0,10,11,0,0,3,3,5,3,8,2,6,8,1,0,1,0,41.66666667,13.88888889,0,69.44444444,27.77777778,13.88888889,0,0,0,0,97.22222222,291.6666667,138.8888889,41.66666667,41.66666667,83.33333333,0,97.22222222,333.3333333,152.7777778,41.66666667,111.1111111,111.1111111,13.88888889,-73.75329132,-3.51124564,871,855,499,499,0,2,Agricultura costera y andina,Agri,76.21478936,415.1915114
PORVENIR_ALTO NANAY,97,PORVENIR,ALTO NANAY,MAYNAS,Chambira,No,NA,NA,NA,1,0,1,2,2,0,12,14,0,0,8,8,0,0,4,4,4,16,20,0,3,3,0,0,0,NA,NA,NA,NA,NA,NA,NA,NA,NA,NA,NA,NA,NA,NA,NA,NA,NA,NA,NA,NA,NA,NA,NA,NA,NA,-73.76186884,-3.48650763,884,868,512,512,0,2,Matorral arbustivo,Ma,79.51960021,416.9990118
SAN PABLO_ALTO NANAY,98,SAN PABLO,ALTO NANAY,MAYNAS,Chambira,No,NA,NA,NA,1,0,3,4,0,0,0,0,0,0,1,1,0,0,3,3,0,0,0,0,1,1,0,0,0,NA,NA,NA,NA,NA,NA,NA,NA,NA,NA,NA,NA,NA,NA,NA,NA,NA,NA,NA,NA,NA,NA,NA,NA,NA,-73.80727152,-3.43394727,941,924,568,568,0,2,Agricultura costera y andina,Agri,81.48770184,423.2138338
VILLA FLOR_ALTO NANAY,99,VILLA FLOR,ALTO NANAY,MAYNAS,Chambira,No,214241,113,NA,1,0,8,9,6,0,22,28,1,0,10,11,0,0,4,4,5,3,8,5,8,13,0,2,2,8.849557522,53.09734513,8.849557522,0,44.24778761,44.24778761,0,0,0,0,0,70.79646018,194.6902655,88.49557522,35.39823009,26.54867257,70.79646018,17.69911504,79.6460177,247.7876106,97.34513274,35.39823009,70.79646018,115.0442478,17.69911504,-73.81011521,-3.4320575,941,924,568,568,0,2,Agricultura costera y andina,Agri,81.61506418,421.5218174
NUEVO ATALAYA_ALTO NANAY,100,NUEVO ATALAYA,ALTO NANAY,MAYNAS,Chambira,No,NA,193,NA,0,0,0,0,0,0,0,0,1,0,0,1,0,0,1,1,0,3,3,0,1,1,0,2,2,0,0,5.18134715,0,0,0,0,0,0,0,0,0,0,0,5.18134715,15.54404145,5.18134715,10.3626943,0,0,5.18134715,5.18134715,15.54404145,5.18134715,10.3626943,-73.8301539,-3.40843952,706,690,333,333,0,2,Pajonal andino,Pj,77.45787217,391.4510625
NUEVA VIDA_ALTO NANAY,101,NUEVA VIDA,ALTO NANAY,MAYNAS,Chambira,No,NA,NA,NA,0,0,1,1,0,0,0,0,1,0,0,1,0,0,0,0,0,0,0,1,0,1,0,1,1,NA,NA,NA,NA,NA,NA,NA,NA,NA,NA,NA,NA,NA,NA,NA,NA,NA,NA,NA,NA,NA,NA,NA,NA,NA,-73.90454302,-3.3462559,1111,1095,739,739,0,2,Bofedal,Bo,32.30816262,209.32211
CHORRILLOS_ALTO NANAY,102,CHORRILLOS,ALTO NANAY,MAYNAS,Chambira,No,NA,NA,NA,0,0,1,1,0,0,0,0,0,0,0,0,0,0,0,0,0,0,0,0,0,0,0,0,0,NA,NA,NA,NA,NA,NA,NA,NA,NA,NA,NA,NA,NA,NA,NA,NA,NA,NA,NA,NA,NA,NA,NA,NA,NA,-73.94875777,-3.3145684,1179,1163,806,806,0,2,Matorral arbustivo,Ma,23.86998921,148.1717806
DOS UNIDOS_ALTO NANAY,103,DOS UNIDOS,ALTO NANAY,MAYNAS,Chambira,No,NA,NA,NA,0,0,0,0,0,0,0,0,1,0,0,1,0,0,1,1,0,1,1,0,0,0,0,2,2,NA,NA,NA,NA,NA,NA,NA,NA,NA,NA,NA,NA,NA,NA,NA,NA,NA,NA,NA,NA,NA,NA,NA,NA,NA,-73.99474378,-3.27224502,674,658,535,535,0,2,Bofedal,Bo,21.89912734,133.6786017
NUEVO PORVENIR_ALTO NANAY,104,NUEVO PORVENIR,ALTO NANAY,MAYNAS,Chambira,No,NA,50,NA,0,0,8,8,2,0,1,3,0,0,17,17,0,0,1,1,3,9,12,2,4,6,0,0,0,0,40,0,0,60,40,0,0,0,0,0,160,20,340,20,180,80,0,160,60,340,20,240,120,0,-74.13184714,-3.08395139,1713,1697,1340,1340,0,2,Pajonal andino,Pj,20.55617452,127.2507029
NUEVA PRIMAVERA_PUNCHANA,105,NUEVA PRIMAVERA,PUNCHANA,MAYNAS,Momon,No,NA,35,NA,0,0,4,4,0,0,2,2,0,0,1,1,0,0,1,1,0,0,0,0,0,0,0,0,0,0,0,0,0,0,0,0,0,0,0,0,114.2857143,57.14285714,28.57142857,28.57142857,0,0,0,114.2857143,57.14285714,28.57142857,28.57142857,0,0,0,-73.40756188,-3.70172273,433,416,317,317,0,2,Agricultura costera y andina,Agri,194.773841,1132.638044
FRAY MARTIN_PUNCHANA,106,FRAY MARTIN,PUNCHANA,MAYNAS,Momon,Yes,32822,77,NA,0,0,4,4,0,0,6,6,0,0,6,6,1,0,2,3,0,6,6,5,11,16,0,2,2,0,0,0,17.54385965,0,87.71929825,0,0,0,0,0,70.1754386,105.2631579,105.2631579,35.0877193,105.2631579,192.9824561,35.0877193,70.1754386,105.2631579,105.2631579,52.63157895,105.2631579,280.7017544,35.0877193,-73.38177373,-3.690831489,NA,NA,NA,NA,NA,NA,NA,NA,206.0500007,1312.088053
SAN ANDRES_PUNCHANA,107,SAN ANDRES,PUNCHANA,MAYNAS,Momon,No,12227,89,24.14987508,6,0,69,75,3,0,91,94,8,0,45,53,5,0,15,20,0,34,34,7,37,44,1,1,2,67.41573034,33.70786517,89.88764045,56.17977528,0,78.65168539,11.23595506,0,0,0,0,775.2808989,1022.47191,505.6179775,168.5393258,382.0224719,415.7303371,11.23595506,842.6966292,1056.179775,595.505618,224.7191011,382.0224719,494.3820225,22.47191011,-73.29110366,-3.68473316,75,70,46,46,0,2,Matorral arbustivo,Ma,400.2706755,2669.469422
PROGRESO ZONA 2_PUNCHANA,108,PROGRESO ZONA 2,PUNCHANA,MAYNAS,Momon,No,NA,129,NA,0,0,6,6,0,0,3,3,0,0,4,4,0,0,0,0,0,0,0,0,2,2,0,0,0,0,0,0,0,0,0,0,0,0,0,0,46.51162791,23.25581395,31.00775194,0,0,15.50387597,0,46.51162791,23.25581395,31.00775194,0,0,15.50387597,0,-73.34039559,-3.67278397,NA,NA,NA,NA,NA,NA,NA,NA,275.553875,1568.238888
MOMONCILLO_PUNCHANA,109,MOMONCILLO,PUNCHANA,MAYNAS,Momon,Yes,13444,137,16.29444999,17,0,189,206,26,0,204,230,36,0,90,126,21,0,53,74,14,91,105,10,119,129,0,20,20,124.0875912,189.7810219,262.7737226,153.2846715,102.189781,72.99270073,0,0,0,0,0,1379.562044,1489.051095,656.9343066,386.8613139,664.2335766,868.6131387,145.9854015,1503.649635,1678.832117,919.7080292,540.1459854,766.4233577,941.6058394,145.9854015,-73.26928472,-3.67263588,60,55,48,48,0,2,Areas de no bosque amazï¿½nico,Ano,525.5871028,2390.814234
PROGRESO ZONA 1_PUNCHANA,110,PROGRESO ZONA 1,PUNCHANA,MAYNAS,Momon,No,26974,42,NA,5,0,72,77,13,0,56,69,3,0,30,33,5,0,15,20,1,8,9,6,12,18,0,2,2,119.047619,309.5238095,71.42857143,119.047619,23.80952381,142.8571429,0,0,0,0,0,1714.285714,1333.333333,714.2857143,357.1428571,190.4761905,285.7142857,47.61904762,1833.333333,1642.857143,785.7142857,476.1904762,214.2857143,428.5714286,47.61904762,-73.32574,-3.67066215,NA,NA,NA,NA,NA,NA,NA,NA,289.6937511,1742.080625
PORVENIR_PUNCHANA,111,PORVENIR,PUNCHANA,MAYNAS,Momon,No,21314,86,108.3104741,3,0,61,64,17,0,79,96,15,0,27,42,7,0,20,27,7,43,50,7,25,32,0,2,2,34.88372093,197.6744186,174.4186047,81.39534884,81.39534884,81.39534884,0,0,0,0,0,709.3023256,918.6046512,313.9534884,232.5581395,500,290.6976744,23.25581395,744.1860465,1116.27907,488.372093,313.9534884,581.3953488,372.0930233,23.25581395,-73.29681417,-3.6566504,109,104,27,27,0,2,Areas de no bosque amazï¿½nico,Ano,327.8600887,2204.954151
SANTA ROSA_PUNCHANA,112,SANTA ROSA,PUNCHANA,MAYNAS,Momon,No,23111,45,156.5543749,2,0,18,20,26,0,34,60,9,0,44,53,33,0,114,147,7,66,73,7,23,30,1,2,3,44.44444444,577.7777778,200,733.3333333,155.5555556,155.5555556,22.22222222,0,0,0,0,400,755.5555556,977.7777778,2533.333333,1466.666667,511.1111111,44.44444444,444.4444444,1333.333333,1177.777778,3266.666667,1622.222222,666.6666667,66.66666667,-73.30787923,-3.65130349,111,106,8,8,0,2,Pajonal andino,Pj,271.27194,1890.848004
NUEVO SAN ANTONIO_PUNCHANA,113,NUEVO SAN ANTONIO,PUNCHANA,MAYNAS,Momon,No,NA,87,NA,12,0,49,61,42,0,102,144,10,0,42,52,2,0,6,8,6,37,43,1,13,14,0,0,0,137.9310345,482.7586207,114.9425287,22.98850575,68.96551724,11.49425287,0,0,0,0,0,563.2183908,1172.413793,482.7586207,68.96551724,425.2873563,149.4252874,0,701.1494253,1655.172414,597.7011494,91.95402299,494.2528736,160.9195402,0,-73.33319476,-3.64587537,143,139,23,23,0,2,Pajonal andino,Pj,222.2469275,1458.214084
PICURO YACU_PUNCHANA,114,PICURO YACU,PUNCHANA,MAYNAS,Momon,No,21230,342,NA,3,0,52,55,4,0,31,35,2,0,15,17,1,0,5,6,1,8,9,1,11,12,0,7,7,8.771929825,11.69590643,5.847953216,2.923976608,2.923976608,2.923976608,0,0,0,0,0,152.0467836,90.64327485,43.85964912,14.61988304,23.39181287,32.16374269,20.46783626,160.8187135,102.3391813,49.70760234,17.54385965,26.31578947,35.0877193,20.46783626,-73.26023067,-3.63993129,56,51,40,40,0,10,Matorral arbustivo,Ma,474.9629078,2115.822975
NUEVO PARAISO_PUNCHANA,115,NUEVO PARAISO,PUNCHANA,MAYNAS,Momon,No,51960,54,NA,2,0,6,8,0,0,2,2,4,0,3,7,1,0,9,10,1,3,4,0,3,3,0,0,0,37.03703704,0,74.07407407,18.51851852,18.51851852,0,0,0,0,0,0,111.1111111,37.03703704,55.55555556,166.6666667,55.55555556,55.55555556,0,148.1481481,37.03703704,129.6296296,185.1851852,74.07407407,55.55555556,0,-73.46431116,-3.63671494,652,648,532,532,0,2,Pajonal andino,Pj,132.7575595,678.5080671
FLOR DE AGOSTO_PUNCHANA,116,FLOR DE AGOSTO,PUNCHANA,MAYNAS,Momon,No,31800,47,250.3790273,23,0,50,73,12,0,41,53,3,0,22,25,2,0,16,18,3,21,24,13,24,37,1,4,5,489.3617021,255.3191489,63.82978723,42.55319149,63.82978723,276.5957447,21.27659574,0,0,0,0,1063.829787,872.3404255,468.0851064,340.4255319,446.8085106,510.6382979,85.10638298,1553.191489,1127.659574,531.9148936,382.9787234,510.6382979,787.2340426,106.3829787,-73.34517844,-3.63324797,175,170,55,55,0,2,Pajonal andino,Pj,194.9235847,1265.349481
PUERTO GEN GEN_PUNCHANA,117,PUERTO GEN GEN,PUNCHANA,MAYNAS,Momon,No,29002,89,NA,12,0,52,64,13,0,53,66,18,0,50,68,17,0,34,51,10,37,47,3,11,14,0,34,34,134.8314607,146.0674157,202.247191,191.011236,112.3595506,33.70786517,0,0,0,0,0,584.2696629,595.505618,561.7977528,382.0224719,415.7303371,123.5955056,382.0224719,719.1011236,741.5730337,764.0449438,573.0337079,528.0898876,157.3033708,382.0224719,-73.33093881,-3.63087045,147,142,27,27,0,2,Area urbana,U,214.6597273,1347.904652
SAN ANTONIO_PUNCHANA,118,SAN ANTONIO,PUNCHANA,MAYNAS,Momon,No,22775,70,951.0004249,3,0,11,14,1,0,5,6,0,0,4,4,3,0,13,16,4,15,19,8,52,60,0,5,5,42.85714286,14.28571429,0,42.85714286,57.14285714,114.2857143,0,0,0,0,0,157.1428571,71.42857143,57.14285714,185.7142857,214.2857143,742.8571429,71.42857143,200,85.71428571,57.14285714,228.5714286,271.4285714,857.1428571,71.42857143,-73.25994,-3.627738333,88,84,72,72,0,2,Rï¿½o,R,417.2779428,2069.642999
CENTRO FUERTE_PUNCHANA,119,CENTRO FUERTE,PUNCHANA,MAYNAS,Momon,Yes,30002,144,283.1246267,31,0,108,139,40,0,123,163,38,0,93,131,23,0,85,108,49,101,150,9,73,82,1,27,28,215.2777778,277.7777778,263.8888889,159.7222222,340.2777778,62.5,6.944444444,0,0,0,0,750,854.1666667,645.8333333,590.2777778,701.3888889,506.9444444,187.5,965.2777778,1131.944444,909.7222222,750,1041.666667,569.4444444,194.4444444,-73.32752018,-3.6250512,170,165,50,50,0,2,Agricultura costera y andina,Agri,215.8537545,1333.900014
PROGRESO_PUNCHANA,120,PROGRESO,PUNCHANA,MAYNAS,Momon,No,NA,NA,NA,0,0,0,0,0,0,0,0,0,0,0,0,0,0,0,0,0,0,0,1,2,3,0,0,0,NA,NA,NA,NA,NA,NA,NA,NA,NA,NA,NA,NA,NA,NA,NA,NA,NA,NA,NA,NA,NA,NA,NA,NA,NA,-73.35239303,-3.61568302,NA,NA,NA,NA,NA,NA,NA,NA,176.6854444,1122.657241
ROCA FUERTE_PUNCHANA,121,ROCA FUERTE,PUNCHANA,MAYNAS,Momon,No,32883,34,340.7150009,6,0,20,26,5,0,34,39,2,0,35,37,8,0,18,26,1,19,20,2,11,13,0,1,1,176.4705882,147.0588235,58.82352941,235.2941176,29.41176471,58.82352941,0,0,0,0,0,588.2352941,1000,1029.411765,529.4117647,558.8235294,323.5294118,29.41176471,764.7058824,1147.058824,1088.235294,764.7058824,588.2352941,382.3529412,29.41176471,-73.3388814,-3.61547109,166,161,46,46,0,2,Agricultura costera y andina,Agri,197.7634483,1177.522143
8 DE SETIEMBRE_PUNCHANA,122,8 DE SETIEMBRE,PUNCHANA,MAYNAS,Momon,No,NA,41,NA,0,0,0,0,0,0,2,2,0,0,1,1,0,0,1,1,0,0,0,0,0,0,0,0,0,0,0,0,0,0,0,0,0,0,0,0,0,48.7804878,24.3902439,24.3902439,0,0,0,0,48.7804878,24.3902439,24.3902439,0,0,0,-73.40900833,-3.614221666,NA,NA,NA,NA,NA,NA,NA,NA,163.0970608,896.7975141
SAN JUAN_PUNCHANA,123,SAN JUAN,PUNCHANA,MAYNAS,Momon,No,NA,NA,NA,0,0,0,0,0,0,0,0,0,0,0,0,0,0,0,0,0,0,0,0,1,1,0,0,0,NA,NA,NA,NA,NA,NA,NA,NA,NA,NA,NA,NA,NA,NA,NA,NA,NA,NA,NA,NA,NA,NA,NA,NA,NA,-73.40509342,-3.61268737,380,375,260,260,0,2,Agricultura costera y andina,Agri,165.2612017,907.6382307
HIPOLITO UNANUE_PUNCHANA,124,HIPOLITO UNANUE,PUNCHANA,MAYNAS,Momon,No,35479,26,387.3749759,12,0,49,61,5,0,24,29,5,0,11,16,2,0,5,7,0,6,6,3,16,19,0,2,2,461.5384615,192.3076923,192.3076923,76.92307692,0,115.3846154,0,0,0,0,0,1884.615385,923.0769231,423.0769231,192.3076923,230.7692308,615.3846154,76.92307692,2346.153846,1115.384615,615.3846154,269.2307692,230.7692308,730.7692308,76.92307692,-73.34883972,-3.60758829,184,179,64,64,0,2,Pajonal andino,Pj,181.310999,1100.860202
GRAU DE PAMPA HERMOSA_PUNCHANA,125,GRAU DE PAMPA HERMOSA,PUNCHANA,MAYNAS,Momon,No,40015,35,476.3000009,12,0,18,30,3,0,8,11,3,0,2,5,4,0,5,9,0,0,0,4,5,9,0,0,0,342.8571429,85.71428571,85.71428571,114.2857143,0,114.2857143,0,0,0,0,0,514.2857143,228.5714286,57.14285714,142.8571429,0,142.8571429,0,857.1428571,314.2857143,142.8571429,257.1428571,0,257.1428571,0,-73.3654427,-3.59135315,279,274,159,159,0,2,Pajonal andino,Pj,169.0900947,993.5138182
SANTO TOMAS DE CAPIRONAL_PUNCHANA,126,SANTO TOMAS DE CAPIRONAL,PUNCHANA,MAYNAS,Momon,No,42721,78,NA,0,0,7,7,0,0,1,1,0,0,0,0,0,0,0,0,0,0,0,0,0,0,1,10,11,0,0,0,0,0,0,12.82051282,0,0,0,0,89.74358974,12.82051282,0,0,0,0,128.2051282,89.74358974,12.82051282,0,0,0,0,141.025641,-73.36174061,-3.57877907,317,312,197,197,0,2,Areas de no bosque amazï¿½nico,Ano,167.6773402,957.1113758
ALMIRANTE MIGUEL GRAU_PUNCHANA,127,ALMIRANTE MIGUEL GRAU,PUNCHANA,MAYNAS,Momon,No,45762,28,NA,4,0,20,24,10,0,16,26,3,0,14,17,1,0,5,6,0,3,3,2,4,6,0,3,3,142.8571429,357.1428571,107.1428571,35.71428571,0,71.42857143,0,0,0,0,0,714.2857143,571.4285714,500,178.5714286,107.1428571,142.8571429,107.1428571,857.1428571,928.5714286,607.1428571,214.2857143,107.1428571,214.2857143,107.1428571,-73.37300504,-3.57046308,369,364,249,249,0,2,Agricultura costera y andina,Agri,157.5278253,910.4636134
UNION FAMILIAR_PUNCHANA,128,UNION FAMILIAR,PUNCHANA,MAYNAS,Momon,No,51334,53,671.1011007,7,0,17,24,9,0,18,27,3,0,9,12,4,0,5,9,0,3,3,1,14,15,0,0,0,132.0754717,169.8113208,56.60377358,75.47169811,0,18.86792453,0,0,0,0,0,320.754717,339.6226415,169.8113208,94.33962264,56.60377358,264.1509434,0,452.8301887,509.4339623,226.4150943,169.8113208,56.60377358,283.0188679,0,-73.38096847,-3.54480853,496,492,205,205,0,2,Bofedal,Bo,138.4648339,825.3031913
PUERTO ALICIA_PUNCHANA,129,PUERTO ALICIA,PUNCHANA,MAYNAS,Momon,No,54916,86,694.6449992,1,0,34,35,14,0,47,61,6,0,25,31,9,0,20,29,7,10,17,0,17,17,0,4,4,11.62790698,162.7906977,69.76744186,104.6511628,81.39534884,0,0,0,0,0,0,395.3488372,546.5116279,290.6976744,232.5581395,116.2790698,197.6744186,46.51162791,406.9767442,709.3023256,360.4651163,337.2093023,197.6744186,197.6744186,46.51162791,-73.37837778,-3.52795441,564,560,153,153,0,2,Agricultura costera y andina,Agri,134.943584,790.3502996
SAN LUIS DE VISTA ALEGRE_PUNCHANA,130,SAN LUIS DE VISTA ALEGRE,PUNCHANA,MAYNAS,Momon,No,NA,173,NA,5,0,45,50,0,0,1,1,0,0,0,0,0,0,1,1,0,1,1,0,0,0,0,1,1,28.9017341,0,0,0,0,0,0,0,0,0,0,260.1156069,5.780346821,0,5.780346821,5.780346821,0,5.780346821,289.017341,5.780346821,0,5.780346821,5.780346821,0,5.780346821,-73.38680372,-3.52532213,579,574,127,127,0,2,Matorral arbustivo,Ma,133.6291028,765.8565404
AGRARIO SHIMBILLO_PUNCHANA,131,AGRARIO SHIMBILLO,PUNCHANA,MAYNAS,Momon,No,73601,15,NA,0,0,2,2,1,0,6,7,0,0,2,2,1,0,1,2,0,4,4,1,1,2,0,1,1,0,66.66666667,0,66.66666667,0,66.66666667,0,0,0,0,0,133.3333333,400,133.3333333,66.66666667,266.6666667,66.66666667,66.66666667,133.3333333,466.6666667,133.3333333,133.3333333,266.6666667,133.3333333,66.66666667,-73.48391838,-3.52177535,NA,NA,NA,NA,NA,NA,NA,NA,87.96890917,464.8055589
SARGENTO LORES_PUNCHANA,132,SARGENTO LORES,PUNCHANA,MAYNAS,Momon,Yes,57514,238,814.6162499,6,0,80,86,5,0,52,57,8,0,32,40,3,0,20,23,6,42,48,4,46,50,4,17,21,25.21008403,21.00840336,33.61344538,12.60504202,25.21008403,16.80672269,16.80672269,0,0,0,0,336.1344538,218.487395,134.4537815,84.03361345,176.4705882,193.2773109,71.42857143,361.3445378,239.4957983,168.0672269,96.63865546,201.6806723,210.0840336,88.23529412,-73.40008209,-3.51080327,658,654,49,49,0,8,Areas de no bosque amazï¿½nico,Ano,123.3971147,703.7574171
PUNTO ALEGRE_PUNCHANA,133,PUNTO ALEGRE,PUNCHANA,MAYNAS,Momon,Yes,63861,241,936.8358744,25,0,146,171,15,0,136,151,8,0,104,112,3,0,106,109,15,131,146,26,102,128,28,74,102,103.7344398,62.2406639,33.19502075,12.44813278,62.2406639,107.8838174,116.1825726,0,0,0,0,605.8091286,564.3153527,431.5352697,439.8340249,543.5684647,423.2365145,307.0539419,709.5435685,626.5560166,464.7302905,452.2821577,605.8091286,531.120332,423.2365145,-73.42590303,-3.49859688,761,756,53,53,0,2,Areas de no bosque amazï¿½nico,Ano,108.4000152,629.6725197
ALFONSO UGARTE_PUNCHANA,134,ALFONSO UGARTE,PUNCHANA,MAYNAS,Momon,No,NA,32,NA,0,0,1,1,1,0,4,5,0,0,1,1,0,0,0,0,0,2,2,0,2,2,0,0,0,0,31.25,0,0,0,0,0,0,0,0,0,31.25,125,31.25,0,62.5,62.5,0,31.25,156.25,31.25,0,62.5,62.5,0,-73.33156451,-3.49796381,605,600,117,117,0,2,Agricultura costera y andina,Agri,129.9020346,724.3983235
ALMIRANTE GUISSE_PUNCHANA,135,ALMIRANTE GUISSE,PUNCHANA,MAYNAS,Momon,No,NA,14,NA,2,0,5,7,2,0,11,13,0,0,1,1,0,0,14,14,0,6,6,0,2,2,0,0,0,142.8571429,142.8571429,0,0,0,0,0,0,0,0,0,357.1428571,785.7142857,71.42857143,1000,428.5714286,142.8571429,0,500,928.5714286,71.42857143,1000,428.5714286,142.8571429,0,-73.43880667,-3.49298707,806,801,26,26,0,2,Pajonal andino,Pj,104.5417636,595.0446325
MAYNAS_PUNCHANA,136,MAYNAS,PUNCHANA,MAYNAS,Momon,No,68470,132,NA,2,0,17,19,5,0,17,22,4,0,20,24,6,0,18,24,1,8,9,3,6,9,0,1,1,15.15151515,37.87878788,30.3030303,45.45454545,7.575757576,22.72727273,0,0,0,0,0,128.7878788,128.7878788,151.5151515,136.3636364,60.60606061,45.45454545,7.575757576,143.9393939,166.6666667,181.8181818,181.8181818,68.18181818,68.18181818,7.575757576,-73.44445239,-3.48313529,868,863,54,54,0,2,Bosque de colina baja,Bcb,103.3406027,570.307077
NUEVA YORK_PUNCHANA,137,NUEVA YORK,PUNCHANA,MAYNAS,Momon,Yes,75057,145,1203.846249,16,0,100,116,25,0,89,114,7,0,33,40,4,0,91,95,10,41,51,46,77,123,20,29,49,110.3448276,172.4137931,48.27586207,27.5862069,68.96551724,317.2413793,137.9310345,0,0,0,0,689.6551724,613.7931034,227.5862069,627.5862069,282.7586207,531.0344828,200,800,786.2068966,275.862069,655.1724138,351.7241379,848.2758621,337.9310345,-73.46697808,-3.45323033,1018,1014,205,205,0,2,Agricultura costera y andina,Agri,87.45780026,466.1360739
